club,position,Base Salary,Guaranteed Compensation,Name
Austin FC,D,"$249,996.00","$249,996.00",Amro Tarek Abdel-Aziz
Atlanta United,D,"$556,364.00","$695,977.00",Luis Abram
Colorado Rapids,D,"$665,000.00","$702,125.00",Lalas Abubakar
New York City FC,D,"$230,000.00","$274,800.00",Nicolás Acevedo
Chicago Fire,D,"$330,000.00","$368,900.00",Alonso Aceves
Houston Dynamo,F,"$85,444.00","$85,444.00",Ifunanyachi Achara
FC Cincinnati,M,"$1,943,500.00","$2,166,983.00",Luciano Acosta
LAFC,D,"$1,250,000.00","$1,365,000.00",Kellyn Acosta
Colorado Rapids,M,"$675,000.00","$731,667.00",Bryan Acosta
St. Louis City SC,F,"$85,444.00","$85,444.00",Samuel Adeniran
Charlotte FC,D,"$85,444.00","$85,444.00",Harrison Afful
Sporting Kansas City,F,"$67,360.00","$67,360.00",Stephen Afrifa
Sporting Kansas City,F,"$225,000.00","$271,875.00",Willy Agada
San Jose Earthquakes,D,"$85,444.00","$85,444.00",Oskar Agren
LA Galaxy,M,"$85,444.00","$85,444.00",Daniel Aguirre
Charlotte FC,F,"$67,360.00","$67,360.00",Patrick Agyemang
Vancouver Whitecaps,D,"$85,444.00","$94,819.00",Ali Ahmed
San Jose Earthquakes,D,"$525,000.00","$570,111.00",Carlos Akapo
DC United,D,"$67,360.00","$76,860.00",Matai Akinmboni
Toronto FC,F,"$700,000.00","$771,875.00",Ayo Akinola
FC Cincinnati,D,"$67,360.00","$69,860.00",Joey Akpunonu
Vancouver Whitecaps,M,"$500,000.00","$562,500.00",Caio Alexandre Souza e Silva
New York City FC,D,"$120,000.00","$120,000.00",Tony Alfaro
Inter Miami,D,"$67,360.00","$69,027.00",Noah Allen
St. Louis City SC,F,"$220,000.00","$284,425.00",Rasmus Alm
Atlanta United,M,"$1,650,000.00","$2,332,000.00",Thiago Almada
Atlanta United,D,"$88,200.00","$88,200.00",Osvaldo Alonso
New England Revolution,F,"$2,381,139.00","$2,939,963.00",Jozy Altidore
LA Galaxy,M,"$660,000.00","$766,500.00",Efraín Álvarez
Seattle Sounders FC,F,"$550,000.00","$550,000.00",Leonardo Alves Chú Franco
Colorado Rapids,M,"$232,000.00","$313,360.00",Max Alves da Silva
Minnesota United,F,"$675,000.00","$810,000.00",Luis Amarilla
New York Red Bulls,M,"$350,000.00","$406,406.00",Frankie Amaya
Nashville SC,F,"$67,360.00","$67,360.00",Kemy Amiche
Columbus Crew,D,"$300,000.00","$338,700.00",Malte Amundsen
Vancouver Whitecaps,GK,"$67,360.00","$74,802.00",Max Anchor
Colorado Rapids,D,"$120,000.00","$121,667.00",Sebastian Anderson
FC Cincinnati,D,"$275,000.00","$323,000.00",Marco Angulo
Orlando City SC,F,"$348,000.00","$380,660.00",Iván Angulo
Toronto FC,D,"$68,775.00","$68,775.00",Themi Antonoglou
Nashville SC,M,"$250,000.00","$270,000.00",Tah Anunga
Atlanta United,F,"$3,600,000.00","$4,483,333.00",Luiz Araújo
Orlando City SC,D,"$255,000.00","$294,000.00",César Araújo
Seattle Sounders FC,F,"$930,000.00","$1,019,000.00",Héber Araújo dos Santos
Columbus Crew,F,"$67,360.00","$69,205.00",Max Arfsten
FC Cincinnati,D,"$550,000.00","$611,354.00",Santiago Arias
Charlotte FC,D,"$85,444.00","$85,444.00",Adam Armour
Seattle Sounders FC,D,"$750,000.00","$750,000.00",Xavier Arreaga
Minnesota United,D,"$170,000.00","$189,667.00",Kervin Arriaga
FC Dallas,F,"$1,550,000.00","$1,729,400.00",Paul Arriola
Inter Miami,D,"$150,000.00","$297,708.00",Dixon Arroyo
DC United,F,"$100,000.00","$100,000.00",Yamil Asad
Austin FC,D,"$68,775.00","$68,775.00",Charlie Asensio
Houston Dynamo,M,"$85,444.00","$97,643.00",Thor Úlfarsson
Portland Timbers,F,"$365,000.00","$367,500.00",Dairon Asprilla
Montreal,F,"$85,444.00","$131,759.00",Jean-Aniel Assi
Seattle Sounders FC,D,"$92,400.00","$96,762.00",Josh Atencio
LA Galaxy,D,"$275,000.00","$492,000.00",Julián Aude
Houston Dynamo,M,"$67,360.00","$71,110.00",Charles Auguste
Houston Dynamo,F,"$67,360.00","$67,360.00",Beto Avila
Portland Timbers,D,"$375,000.00","$496,000.00",David Ayala
Inter Miami,F,"$89,716.00","$89,716.00",Edison Azcona
St. Louis City SC,GK,"$1,500,000.00","$1,632,469.00",Roman Bürki
New York City FC,F,"$950,000.00","$1,198,000.00",Talles Magno Bacelar Martins
FC Cincinnati,F,"$550,000.00","$605,000.00",Dominique Badji
Houston Dynamo,F,"$550,000.00","$581,031.00",Corey Baird
New England Revolution,F,"$85,444.00","$91,367.00",Esmir Bajraktarevic
Seattle Sounders FC,M,"$85,444.00","$105,444.00",Reed Baker-Whiting
San Jose Earthquakes,D,"$85,444.00","$85,444.00",Michael Baldisimo
Atlanta United,F,"$2,200,000.00","$2,200,000.00",Esequiel Barco
New York Red Bulls,F,"$195,000.00","$206,625.00",Tom Barlow
New York City FC,GK,"$145,000.00","$152,688.00",Luis Barraza
FC Cincinnati,F,"$300,000.00","$519,297.00",Álvaro Barreal
Colorado Rapids,F,"$650,000.00","$680,000.00",Michael Barrios
St. Louis City SC,D,"$85,444.00","$85,444.00",Lucas Bartlett
Houston Dynamo,D,"$125,000.00","$135,000.00",Ethan Bartlow
Colorado Rapids,M,"$450,000.00","$450,000.00",Cole Bassett
Houston Dynamo,M,"$550,000.00","$550,000.00",Amine Bassi
Nashville SC,D,"$89,716.00","$89,716.00",Josh Bauer
San Jose Earthquakes,D,"$250,000.00","$250,000.00",Tanner Beason
Real Salt Lake,GK,"$85,444.00","$91,027.00",Gavin Beavers
Vancouver Whitecaps,F,"$67,360.00","$70,485.00",Simon Becher
Philadelphia Union,M,"$780,000.00","$1,060,000.00",Alejandro Bedoya
Colorado Rapids,D,"$150,000.00","$172,500.00",Steven Beitashour
St. Louis City SC,D,"$88,200.00","$88,200.00",Jon Bell
New York City FC,D,"$68,775.00","$68,775.00",Nico Benalcázar
Charlotte FC,M,"$85,444.00","$105,444.00",Ben Bender
Philadelphia Union,GK,"$175,000.00","$192,500.00",Joe Bendik
Real Salt Lake,D,"$85,444.00","$95,069.00",Julio Benitez
DC United,F,"$4,250,000.00","$4,432,778.00",Christian Benteke
Charlotte FC,F,"$67,360.00","$82,294.00",Nimfasha Berchimas
Vancouver Whitecaps,M,"$150,000.00","$160,250.00",Sebastian Berhalter
Toronto FC,F,"$3,125,000.00","$6,295,381.00",Federico Bernardeschi
Atlanta United,F,"$135,000.00","$135,000.00",Miguel Berry
Austin FC,GK,"$125,000.00","$132,500.00",Matt Bersano
Chicago Fire,F,"$85,444.00","$97,905.00",Victor Bezerra
Portland Timbers,GK,"$85,444.00","$85,444.00",David Bingham
DC United,D,"$815,000.00","$815,000.00",Steve Birnbaum
LAFC,F,"$650,000.00","$650,000.00",Stipe Biuk
Vancouver Whitecaps,D,"$400,000.00","$451,208.00",Tristan Blackmon
Philadelphia Union,GK,"$775,000.00","$894,375.00",Andre Blake
Portland Timbers,M,"$1,380,000.00","$1,748,000.00",Sebastián Blanco
New England Revolution,M,"$600,000.00","$665,000.00",Latif Blessing
St. Louis City SC,D,"$246,000.00","$338,250.00",Njabulo Blom
New England Revolution,M,"$85,444.00","$95,784.00",Emmanuel Boateng
Vancouver Whitecaps,GK,"$68,775.00","$68,775.00",Isaac Boehmer
LAFC,M,"$650,000.00","$650,000.00",Mateusz Bogusz
Portland Timbers,F,"$450,000.00","$532,000.00",Franck Boli
New England Revolution,D,"$67,360.00","$74,027.00",Josh Bolma
Colorado Rapids,D,"$67,360.00","$85,572.00",Moïse Bombito
LA Galaxy,GK,"$475,000.00","$525,833.00",Jonathan Bond
Portland Timbers,D,"$135,000.00","$147,667.00",Pablo Bonilla
DC United,GK,"$85,444.00","$105,444.00",Alex Bono
Inter Miami,F,"$67,360.00","$69,860.00",Shanyder Borgelin
New England Revolution,F,"$575,000.00","$638,962.00",Dylan Borrero
New England Revolution,F,"$2,500,000.00","$2,675,000.00",Gustavo Bou
LAFC,F,"$2,083,333.00","$2,083,333.00",Denis Bouanga
San Jose Earthquakes,F,"$100,000.00","$112,500.00",Ousseni Bouda
Minnesota United,D,"$650,000.00","$703,097.00",Michael Boxall
LA Galaxy,F,"$275,000.00","$350,000.00",Tyler Boyd
Toronto FC,M,"$614,286.00","$614,286.00",Michael Bradley
Chicago Fire,GK,"$189,996.00","$213,246.00",Chris Brady
Montreal,D,"$275,000.00","$319,375.00",Zachary Brault-Guillard
Portland Timbers,D,"$315,000.00","$371,654.00",Claudio Bravo
Real Salt Lake,D,"$250,000.00","$275,678.00",Andrew Brody
Charlotte FC,M,"$310,000.00","$348,375.00",Brandt Bronico
Vancouver Whitecaps,D,"$140,000.00","$153,688.00",Javain Brown
LA Galaxy,D,"$1,200,000.00","$1,409,000.00",Gastón Brugman
Austin FC,F,"$200,000.00","$200,000.00",Will Bruin
New England Revolution,M,"$67,360.00","$67,360.00",Noel Buck
Philadelphia Union,D,"$170,000.00","$185,378.00",Jesús Bueno
Nashville SC,F,"$425,000.00","$469,167.00",Teal Bunbury
FC Dallas,D,"$240,750.00","$240,750.00",Nkosi Tafari Burgess
New York Red Bulls,F,"$500,000.00","$571,871.00",Cory Burke
Chicago Fire,D,"$88,200.00","$88,200.00",Kendall Burks
Columbus Crew,GK,"$88,200.00","$88,200.00",Evan Bush
New England Revolution,D,"$350,000.00","$368,813.00",Brandon Bye
Charlotte FC,D,"$560,000.00","$607,833.00",Nathan Byrne
LA Galaxy,D,"$500,004.00","$556,671.00",Martín Cáceres
New York Red Bulls,M,"$330,000.00","$374,000.00",Cristian Cásseres Jr.
Vancouver Whitecaps,F,"$981,818.00","$1,050,568.00",Sergio Córdova
Colorado Rapids,F,"$1,800,000.00","$1,800,000.00",Kévin Cabral
Houston Dynamo,D,"$110,000.00","$110,000.00",Luis Caicedo
Vancouver Whitecaps,F,"$350,000.00","$381,125.00",Déiber Caicedo
Real Salt Lake,M,"$225,000.00","$230,000.00",Scott Caldwell
LA Galaxy,D,"$550,000.00","$611,564.00",Lucas Felipe Calegari
Inter Miami,GK,"$300,000.00","$355,917.00",Drake Callender
Montreal,D,"$500,000.00","$554,000.00",Rudy Camacho
Charlotte FC,M,"$67,360.00","$75,386.00",Brandon Cambridge
Vancouver Whitecaps,D,"$85,444.00","$94,456.00",Matteo Campagna
Inter Miami,F,"$550,000.00","$601,680.00",Leonardo Campana
Montreal,D,"$325,000.00","$365,625.00",George Campbell
DC United,M,"$575,000.00","$575,000.00",Russell Canouse
New York Red Bulls,M,"$85,444.00","$88,194.00",Wikelman Carmona
Philadelphia Union,F,"$950,000.00","$950,000.00",Julián Carranza
Houston Dynamo,M,"$500,000.00","$550,224.00",Adalberto Carrasquilla
FC Dallas,GK,"$85,444.00","$104,963.00",Antonio Carrera
New York City FC,M,"$67,360.00","$111,597.00",Máximo Carrizo
Orlando City SC,D,"$348,000.00","$388,250.00",Wilder Cartagena
Chicago Fire,M,"$85,444.00","$87,344.00",Javier Casas
Austin FC,D,"$620,000.00","$693,750.00",Julio Cascante
Sporting Kansas City,D,"$85,444.00","$85,444.00",Robert Castellanos
New York City FC,F,"$1,000,000.00","$1,176,000.00",Taty Castellanos
Houston Dynamo,M,"$85,444.00","$89,966.00",Juan Castilla
Seattle Sounders FC,GK,"$67,360.00","$67,360.00",Jacob Castro
FC Cincinnati,GK,"$100,000.00","$112,500.00",Roman Celentano
Atlanta United,D,"$67,360.00","$79,136.00",Erik Centeno
FC Dallas,D,"$149,500.00","$164,500.00",Edwin Cerrillo
Real Salt Lake,M,"$170,000.00","$193,750.00",Maikel Chang
New York City FC,D,"$400,000.00","$483,333.00",Maxime Chanot
Portland Timbers,M,"$650,000.00","$658,333.00",Diego Chará
Portland Timbers,F,"$1,500,000.00","$1,803,000.00",Yimmi Chará
FC Dallas,D,"$125,000.00","$134,209.00",Justin Che
LAFC,D,"$1,000,000.00","$1,075,000.00",Giorgio Chiellini
Montreal,M,"$250,000.00","$276,667.00",Mathieu Choinière
Atlanta United,F,"$89,716.00","$89,716.00",Machop Chol
LAFC,M,"$467,875.00","$511,750.00",José Cifuentes
San Jose Earthquakes,M,"$67,360.00","$67,360.00",Cam Cilley
Sporting Kansas City,M,"$85,444.00","$88,444.00",Ozzie Cisneros
Seattle Sounders FC,D,"$85,444.00","$85,444.00",Abdoulaye Cissoko
Houston Dynamo,GK,"$560,000.00","$619,281.00",Steve Clark
Seattle Sounders FC,GK,"$200,000.00","$217,500.00",Stefan Cleveland
Atlanta United,D,"$67,360.00","$67,360.00",Noah Cobb
Toronto FC,D,"$67,360.00","$71,693.00",Alonso Coello
Atlanta United,F,"$89,716.00","$89,716.00",Jackson Conway
Charlotte FC,F,"$1,000,000.00","$1,142,250.00",Enzo Copetti
Montreal,D,"$216,350.00","$216,350.00",Gabriele Corbo
New York Red Bulls,GK,"$490,000.00","$539,649.00",Carlos Coronel
Charlotte FC,D,"$625,000.00","$658,500.00",Guzmán Corujo
LA Galaxy,F,"$3,000,000.00","$4,508,333.00",Douglas Costa
LA Galaxy,D,"$480,000.00","$517,000.00",Séga Coulibaly
San Jose Earthquakes,F,"$600,000.00","$689,909.00",Cade Cowell
LAFC,GK,"$350,000.00","$377,500.00",Maxime Crépeau
Philadelphia Union,D,"$115,000.00","$127,825.00",Brandan Craig
St. Louis City SC,GK,"$85,444.00","$85,444.00",Michael Creek
Inter Miami,M,"$67,360.00","$69,360.00",Benja Cremaschi
LAFC,D,"$85,444.00","$85,444.00",Danny Crisostomo
Vancouver Whitecaps,D,"$900,000.00","$900,000.00",Andrés Cubas
New York City FC,D,"$672,000.00","$757,800.00",Braian Cufré
Orlando City SC,D,"$900,000.00","$925,000.00",Antônio Carlos Cunha Capocasali Junior
Chicago Fire,D,"$1,300,000.00","$1,336,667.00",Rafael Czichos
Portland Timbers,M,"$1,885,000.00","$2,230,000.00",Evander da Silva Ferreira
Columbus Crew,M,"$500,000.00","$533,900.00",Luis Díaz
DC United,F,"$900,000.00","$965,625.00",Cristian Dájome
Nashville SC,M,"$825,000.00","$939,000.00",Sean Davis
Sporting Kansas City,M,"$85,444.00","$85,444.00",Jake Davis
New York City FC,F,"$200,000.00","$219,600.00",Thiago Eduardo de Andrade
FC Dallas,D,"$250,000.00","$297,000.00",Geovane de Jesus Rocha
Houston Dynamo,D,"$600,000.00","$651,633.00",José Artur de Lima Júnior
Inter Miami,D,"$725,000.00","$826,000.00",Gregore de Magalhães da Silva
San Jose Earthquakes,GK,"$400,000.00","$400,000.00",Daniel de Sousa Britto
Chicago Fire,D,"$85,444.00","$93,611.00",Jonathan Dean
Columbus Crew,D,"$725,000.00","$823,500.00",Milos Degenek
LA Galaxy,M,"$750,000.00","$826,250.00",Mark Delgado
Nashville SC,D,"$252,000.00","$252,000.00",Nick DePuy
Minnesota United,D,"$600,000.00","$661,250.00",Bakaye Dibassy
Minnesota United,GK,"$85,444.00","$85,444.00",Eric Dick
Toronto FC,F,"$525,000.00","$585,000.00",Adama Diomande
Atlanta United,GK,"$85,444.00","$85,444.00",Clément Diop
Charlotte FC,D,"$67,360.00","$74,860.00",Hamady Diop
Austin FC,M,"$75,325.00","$75,325.00",Sofiane Djeffal
Austin FC,F,"$600,000.00","$600,000.00",Moussa Djitté
Seattle Sounders FC,M,"$104,000.00","$118,000.00",Ethan Dobbelaere
Philadelphia Union,F,"$68,775.00","$68,775.00",Chris Donovan
Houston Dynamo,D,"$150,000.00","$169,000.00",Griffin Dorsey
Inter Miami,GK,"$67,360.00","$72,660.00",CJ dos Santos
Houston Dynamo,D,"$120,000.00","$134,250.00",Micael dos Santos Silva
Minnesota United,M,"$450,000.00","$507,500.00",Hassani Dotson
Austin FC,M,"$3,800,000.00","$6,022,500.00",Sebastián Driussi
LAFC,D,"$125,000.00","$127,000.00",Érik Dueñas
Montreal,M,"$150,000.00","$150,000.00",Bryce Duke
Sporting Kansas City,M,"$137,500.00","$140,500.00",Cameron Duke
Minnesota United,F,"$165,000.00","$181,750.00",Cameron Dunbar
New York Red Bulls,D,"$500,000.00","$555,750.00",Kyle Duncan
DC United,D,"$425,000.00","$481,250.00",Chris Durkin
Major League Soccer,F,"$85,444.00","$85,444.00",Dom Dwyer
San Jose Earthquakes,F,"$763,980.00","$909,863.00",Jeremy Ebobisse
New York Red Bulls,D,"$85,444.00","$93,026.00",Daniel Edelman
LA Galaxy,D,"$315,000.00","$347,500.00",Raheem Edwards
Colorado Rapids,D,"$125,000.00","$125,000.00",Michael Edwards
New England Revolution,GK,"$125,000.00","$125,000.00",Earl Edwards Jr.
Philadelphia Union,D,"$750,000.00","$843,750.00",Jack Elliott
Minnesota United,GK,"$85,444.00","$91,444.00",Fred Emmings
FC Dallas,D,"$67,360.00","$67,360.00",Herbert Endeley
Real Salt Lake,D,"$67,360.00","$67,360.00",Emeka Eneli
Orlando City SC,F,"$318,182.00","$375,909.00",Ramiro Enrique
Houston Dynamo,D,"$475,000.00","$524,167.00",Franco Escobar
San Jose Earthquakes,F,"$1,150,000.00","$1,265,000.00",Cristian Espinoza
Sporting Kansas City,M,"$85,444.00","$85,444.00",Róger Espinoza
New York Red Bulls,M,"$85,444.00","$109,444.00",Bento Estrela
Atlanta United,F,"$676,250.00","$676,250.00",Derrick Etienne Jr.
Austin FC,F,"$1,000,000.00","$1,060,000.00",Diego Fagúndez
FC Dallas,D,"$425,000.00","$457,813.00",Marco Farfán
Real Salt Lake,D,"$115,000.00","$129,750.00",Zack Farnsworth
New England Revolution,D,"$651,250.00","$651,250.00",Andrew Farrell
Columbus Crew,D,"$67,360.00","$74,735.00",Mohamed Farsi
New England Revolution,M,"$85,444.00","$85,444.00",Lucas Maciel Felix
LA Galaxy,D,"$125,000.00","$138,625.00",Marcus Ferkranus
New York Red Bulls,F,"$161,000.00","$176,000.00",Omir Fernandez
FC Dallas,F,"$1,650,000.00","$1,852,000.00",Jesús Ferreira
Houston Dynamo,F,"$1,760,000.00","$2,130,200.00",Sebastián Ferreira
Austin FC,F,"$425,000.00","$425,000.00",Ethan Finlay
Philadelphia Union,M,"$280,000.00","$294,500.00",Leon Flach
DC United,F,"$85,444.00","$104,953.00",Kristian Fletcher
Sporting Kansas City,M,"$67,360.00","$67,360.00",Danny Flores
Austin FC,F,"$67,360.00","$69,360.00",CJ Fodrey
Sporting Kansas City,D,"$450,000.00","$450,000.00",Andreu Fontàs
Sporting Kansas City,D,"$165,000.00","$170,000.00",Kortne Ford
Atlanta United,M,"$67,360.00","$67,360.00",Ajani Fortune
FC Cincinnati,D,"$85,444.00","$89,823.00",Isaiah Foster
DC United,F,"$1,700,000.00","$1,741,000.00",Taxiarchis Fountas
Minnesota United,F,"$260,000.00","$267,500.00",Franco Fragapane
Houston Dynamo,F,"$335,000.00","$384,250.00",Iván Franco
Toronto FC,D,"$67,360.00","$78,162.00",Kobe Franklin
Inter Miami,D,"$110,000.00","$110,000.00",Ian Fray
Nashville SC,F,"$67,360.00","$67,360.00",Tyler Freeman
Orlando City SC,D,"$67,360.00","$71,360.00",Alex Freeman
New York City FC,GK,"$161,250.00","$180,000.00",Matt Freese
Seattle Sounders FC,GK,"$650,000.00","$650,000.00",Stefan Frei
Real Salt Lake,GK,"$85,444.00","$85,444.00",Tomás Gómez
Real Salt Lake,F,"$220,000.00","$252,000.00",Carlos Andrés Gómez
Seattle Sounders FC,D,"$672,732.00","$741,820.00",Yeimar Gómez Andrade
FC Cincinnati,D,"$300,000.00","$300,000.00",Raymon Gaddis
LAFC,D,"$104,004.00","$107,337.00",Julian Gaines
Chicago Fire,GK,"$85,444.00","$85,444.00",Jeff Gal
Austin FC,D,"$300,000.00","$300,000.00",Jon Gallagher
Orlando City SC,GK,"$720,000.00","$937,333.00",Pedro Gallese
Colorado Rapids,F,"$365,700.00","$462,022.00",Braian Galván
DC United,D,"$67,360.00","$71,410.00",Jeremy Garay
Minnesota United,F,"$350,000.00","$372,313.00",Mender García
Atlanta United,GK,"$68,775.00","$68,775.00",Justin Garces
Houston Dynamo,D,"$400,000.00","$425,000.00",Chase Gasper
Vancouver Whitecaps,M,"$2,400,000.00","$2,505,000.00",Ryan Gauld
Philadelphia Union,M,"$1,200,000.00","$1,355,000.00",Dániel Gazdag
Colorado Rapids,D,"$230,000.00","$270,433.00",Alex Gersbach
Atlanta United,F,"$1,576,636.00","$1,748,728.00",Georgios Giakoumakis
New England Revolution,M,"$3,250,000.00","$3,545,833.00",Carles Gil
New England Revolution,F,"$375,000.00","$396,250.00",Nacho Gil
Chicago Fire,D,"$1,600,000.00","$1,633,333.00",Gastón Giménez
LAFC,M,"$475,000.00","$516,667.00",Francisco Ginella
St. Louis City SC,F,"$380,004.00","$399,287.00",Nicholas Gioacchini
Real Salt Lake,D,"$725,000.00","$785,031.00",Justen Glad
Philadelphia Union,D,"$900,000.00","$1,038,125.00",Jakob Glesnes
Major League Soccer,D,"$250,000.00","$260,000.00",Chris Gloster
St. Louis City SC,F,"$67,360.00","$72,360.00",Caden Glover
Nashville SC,D,"$750,000.00","$821,250.00",Aníbal Godoy
New England Revolution,D,"$425,000.00","$450,000.00",Omar González
Orlando City SC,F,"$360,000.00","$362,400.00",Gastón González
Inter Miami,D,"$935,004.00","$1,095,254.00",Leandro González Pírez
New York City FC,D,"$300,000.00","$350,000.00",Tayvon Gray
DC United,D,"$89,716.00","$92,716.00",Jacob Greene
DC United,D,"$400,000.00","$400,000.00",Ruan Gregório Teixeira
Nashville SC,M,"$240,000.00","$266,750.00",Ján Gregus
Vancouver Whitecaps,M,"$884,000.00","$939,781.00",Julian Gressel
Orlando City SC,GK,"$85,444.00","$85,444.00",Adam Grinwis
San Jose Earthquakes,D,"$1,350,000.00","$1,571,086.00",Carlos Gruezo
Toronto FC,D,"$300,000.00","$311,667.00",Cristián Gutiérrez
Chicago Fire,M,"$200,004.00","$240,004.00",Brian Gutiérrez
Portland Timbers,F,"$68,775.00","$68,775.00",Diego Gutiérrez
Atlanta United,D,"$350,000.00","$381,250.00",Andrew Gutman
Atlanta United,GK,"$600,000.00","$612,500.00",Brad Guzan
New York City FC,M,"$150,000.00","$165,000.00",Justin Haak
Nashville SC,F,"$88,200.00","$88,200.00",Luke Haakenson
Vancouver Whitecaps,F,"$85,444.00","$95,044.00",Kamron Habibullah
Houston Dynamo,D,"$1,122,900.00","$1,288,077.00",Teenage Hadebe
FC Cincinnati,D,"$175,000.00","$175,000.00",Nick Hagglund
Chicago Fire,M,"$264,000.00","$279,800.00",Maren Haile-Selassie
Orlando City SC,D,"$110,000.00","$116,300.00",Michael Halliday
Montreal,M,"$500,000.00","$597,500.00",Ahmed Hamdi
New York Red Bulls,F,"$250,000.00","$301,250.00",Cameron Harper
Philadelphia Union,D,"$160,000.00","$181,675.00",Nathan Harriel
Colorado Rapids,F,"$100,000.00","$113,000.00",Calvin Harris
Vancouver Whitecaps,GK,"$203,000.00","$222,412.00",Thomas Hasal
Toronto FC,D,"$776,250.00","$908,859.00",Matt Hedges
Charlotte FC,D,"$85,444.00","$92,956.00",Chris Hegardt
Minnesota United,D,"$412,500.00","$430,500.00",Doneil Henry
Chicago Fire,F,"$310,000.00","$331,250.00",Fabian Herbers
Sporting Kansas City,M,"$175,000.00","$207,000.00",Felipe Hernández
Atlanta United,D,"$375,000.00","$375,000.00",Ronald Hernández
Columbus Crew,F,"$2,600,000.00","$2,886,000.00",Cucho Hernández
LA Galaxy,F,"$6,000,000.00","$7,443,750.00",Javier Hernández Balcázar
Houston Dynamo,M,"$4,750,000.00","$5,246,875.00",Héctor Herrera
Montreal,D,"$725,000.00","$820,220.00",Aarón Herrera
Real Salt Lake,D,"$104,000.00","$108,294.00",Bode Hidalgo
St. Louis City SC,D,"$85,444.00","$85,444.00",Kyle Hiebert
DC United,D,"$425,000.00","$467,917.00",Brendan Hines-Ike
Minnesota United,F,"$560,000.00","$610,000.00",Bongokuhle Hlongwane
LAFC,D,"$515,000.00","$515,000.00",Ryan Hollingshead
Real Salt Lake,D,"$200,000.00","$218,750.00",Erik Holt
DC United,F,"$85,444.00","$85,730.00",Jackson Hopkins
Columbus Crew,D,"$85,444.00","$85,444.00",Keegan Hughes
Atlanta United,D,"$550,000.00","$620,000.00",Franco Ibarra
FC Dallas,D,"$520,000.00","$583,625.00",Sebastien Ibeagha
Montreal,F,"$200,000.00","$291,250.00",Sunusi Ibrahim
Portland Timbers,F,"$89,716.00","$89,716.00",Tega Ikoba
New York City FC,D,"$204,000.00","$295,700.00",Mitja Ilenic
Colorado Rapids,GK,"$350,000.00","$382,489.00",Marko Ilić
Montreal,D,"$85,444.00","$92,319.00",Ilias Iliadis
Toronto FC,F,"$7,500,000.00","$7,500,000.00",Lorenzo Insigne
Minnesota United,GK,"$190,000.00","$203,533.00",Clint Irwin
Portland Timbers,GK,"$375,000.00","$460,000.00",Aljaz Ivacic
Charlotte FC,F,"$1,100,000.00","$1,217,000.00",Kamil Józwiak
Montreal,M,"$67,360.00","$67,360.00",Ousman Jabang
New England Revolution,GK,"$68,775.00","$68,775.00",Jacob Jackson
St. Louis City SC,M,"$85,444.00","$89,341.00",Aziel Jackson
Real Salt Lake,F,"$67,360.00","$74,686.00",Bertin Jacquesson
LAFC,GK,"$100,000.00","$112,000.00",Eldin Jakupovic
Orlando City SC,D,"$575,000.00","$631,250.00",Robin Jansson
New York City FC,F,"$125,000.00","$142,144.00",Andres Jasson
DC United,D,"$660,000.00","$660,000.00",Mohanad Jeahze
Inter Miami,F,"$720,000.00","$788,400.00",Corentin Jean
St. Louis City SC,F,"$175,000.00","$228,250.00",Isak Jensen
Inter Miami,GK,"$67,360.00","$67,360.00",Cole Jensen
Minnesota United,F,"$548,000.00","$654,708.00",Sang-bin Jeong
Minnesota United,D,"$67,360.00","$67,360.00",Ryen Jiba
FC Dallas,F,"$1,100,000.00","$1,219,927.00",Jesús Jiménez
New York City FC,F,"$68,775.00","$68,775.00",Jonathan Jiménez
Austin FC,D,"$85,444.00","$85,444.00",Héctor Jiménez
FC Cincinnati,D,"$67,360.00","$67,360.00",Stiven Jimenez
Toronto FC,GK,"$405,751.00","$683,013.00",Sean Johnson
New England Revolution,D,"$375,000.00","$395,000.00",DeJuan Jones
Charlotte FC,M,"$325,000.00","$347,969.00",Derrick Jones
LA Galaxy,F,"$651,250.00","$651,250.00",Dejan Joveljic
LA Galaxy,F,"$67,360.00","$67,360.00",Preston Judd
Real Salt Lake,F,"$750,000.00","$820,000.00",Anderson Julio
FC Dallas,D,"$85,444.00","$93,777.00",Sam Junqua
Charlotte FC,GK,"$500,000.00","$526,875.00",Kristijan Kahlina
Minnesota United,D,"$160,000.00","$168,000.00",Brent Kallman
Chicago Fire,F,"$220,000.00","$231,000.00",Kei Kamara
FC Cincinnati,GK,"$200,000.00","$220,833.00",Alec Kann
Orlando City SC,F,"$1,860,000.00","$2,053,601.00",Ercan Kara
Toronto FC,M,"$750,000.00","$750,000.00",Mark-Anthony Kaye
Real Salt Lake,F,"$85,444.00","$101,444.00",Axel Kei
Colorado Rapids,D,"$160,000.00","$160,000.00",Aboubacar Keita
Austin FC,D,"$100,000.00","$112,500.00",Kipp Keller
Toronto FC,F,"$85,444.00","$90,763.00",Deandre Kerr
New England Revolution,D,"$200,000.00","$220,000.00",Henry Kessler
Montreal,GK,"$88,200.00","$88,200.00",Logan Ketterer
San Jose Earthquakes,F,"$130,000.00","$135,775.00",Benjamin Kikanovic
Sporting Kansas City,M,"$850,000.00","$918,000.00",Gadi Kinda
Seattle Sounders FC,D,"$67,360.00","$69,860.00",Sota Kitahara
St. Louis City SC,F,"$1,230,000.00","$1,370,284.00",João Klauss de Mello
DC United,M,"$1,900,000.00","$2,093,588.00",Mateusz Klich
LA Galaxy,GK,"$200,004.00","$200,004.00",Jonathan Klinsmann
Austin FC,D,"$325,000.00","$325,000.00",Zan Kolmanic
FC Dallas,D,"$85,444.00","$85,444.00",Amet Korca
Chicago Fire,F,"$470,800.00","$470,800.00",Georgios Koutsias
Real Salt Lake,M,"$1,650,000.00","$1,650,000.00",Damir Kreilach
Inter Miami,D,"$555,500.00","$614,500.00",Sergiy Kryvtsov
DC United,M,"$85,444.00","$85,444.00",Theodore Ku-DiPietro
FC Cincinnati,M,"$1,091,000.00","$1,206,750.00",Yuya Kubo
Montreal,M,"$68,775.00","$68,775.00",Jojea Kwizera
Real Salt Lake,M,"$96,600.00","$96,600.00",Jasper Löffelsend
St. Louis City SC,M,"$1,200,000.00","$1,344,250.00",Eduard Löwen
Atlanta United,F,"$400,000.00","$568,300.00",Erik López
Vancouver Whitecaps,D,"$760,000.00","$828,625.00",Mathías Laborda
Inter Miami,F,"$85,444.00","$85,444.00",Jake LaCava
Montreal,F,"$630,000.00","$660,000.00",Lassi Lappalainen
Colorado Rapids,M,"$85,444.00","$85,444.00",Oliver Larraz
Toronto FC,D,"$1,170,402.00","$1,276,745.00",Richie Laryea
Austin FC,GK,"$67,360.00","$67,360.00",Damian Las
Montreal,F,"$220,000.00","$240,280.00",Ariel Lassiter
Minnesota United,D,"$500,012.00","$595,012.00",Kemar Lawrence
Nashville SC,F,"$1,000,000.00","$1,115,000.00",Randall Leal
New York City FC,M,"$350,000.00","$396,000.00",Richard Ledezma
LA Galaxy,D,"$300,000.00","$335,000.00",Kelvin Leerdam
Sporting Kansas City,D,"$500,000.00","$501,050.00",Tim Leibold
Atlanta United,D,"$700,000.00","$700,000.00",Brooks Lennon
LAFC,D,"$125,000.00","$127,000.00",Tony Leone
Colorado Rapids,F,"$410,000.00","$435,000.00",Jonathan Lewis
Colorado Rapids,D,"$200,000.00","$224,900.00",Danny Leyva
Austin FC,D,"$375,000.00","$375,000.00",Nick Lima
New York Red Bulls,M,"$1,155,000.00","$1,206,042.00",Lucas Lima Linhares
Charlotte FC,D,"$250,000.00","$286,250.00",Jaylin Lindsey
FC Dallas,M,"$975,000.00","$1,066,250.00",Sebastian Lletget
Minnesota United,M,"$900,000.00","$1,039,375.00",Robin Lod
Seattle Sounders FC,M,"$2,640,000.00","$3,256,667.00",Nicolás Lodeiro
LAFC,D,"$1,199,772.00","$1,243,056.00",Aaron Long
Nashville SC,D,"$67,360.00","$67,360.00",Ahmed Longmire
Portland Timbers,F,"$200,000.00","$239,375.00",Marvin Loría
FC Cincinnati,GK,"$88,200.00","$88,200.00",Evan Louro
Nashville SC,D,"$551,250.00","$551,250.00",Daniel Lovitz
Philadelphia Union,D,"$275,000.00","$318,333.00",Damion Lowe
Orlando City SC,M,"$67,360.00","$69,495.00",Favian Loyola
Orlando City SC,D,"$300,000.00","$326,188.00",Rafael Lucas Cardoso dos Santos
Real Salt Lake,M,"$120,000.00","$134,380.00",Diego Luna
Austin FC,D,"$350,000.00","$397,500.00",Adam Lundqvist
St. Louis City SC,GK,"$100,000.00","$112,833.00",Ben Lundt
Orlando City SC,F,"$68,775.00","$68,775.00",Jack Lynn
Portland Timbers,D,"$400,000.00","$412,500.00",Larrys Mabiala
Toronto FC,D,"$85,444.00","$93,569.00",Aimé Mabika
Real Salt Lake,GK,"$350,000.00","$350,000.00",Zac MacMath
Nashville SC,D,"$85,444.00","$87,544.00",Lukas MacNaughton
Nashville SC,D,"$200,000.00","$231,000.00",Jack Maher
New England Revolution,D,"$225,000.00","$225,000.00",Christian Makoun
Charlotte FC,D,"$275,000.00","$303,083.00",Adilson Malanda
LAFC,D,"$355,000.00","$386,167.00",Denil Maldonado
New York Red Bulls,F,"$420,000.00","$497,250.00",Elias Manoel Alves de Paula
San Jose Earthquakes,GK,"$350,000.00","$350,000.00",JT Marcinkowski
New York Red Bulls,GK,"$85,444.00","$85,444.00",AJ Marcucci
San Jose Earthquakes,D,"$180,000.00","$191,375.00",Paul Marie
Colorado Rapids,D,"$68,775.00","$68,775.00",Anthony Markanich
Charlotte FC,GK,"$68,775.00","$68,775.00",George Marks
Minnesota United,D,"$100,000.00","$116,250.00",Mikael Marqués
Toronto FC,D,"$152,500.00","$159,313.00",Jahkeele Marshall-Rutty
Inter Miami,GK,"$474,996.00","$587,184.00",Nick Marsman
FC Dallas,D,"$700,000.00","$773,000.00",José Antonio Martínez
Inter Miami,F,"$4,000,000.00","$4,391,667.00",Josef Martínez
Philadelphia Union,D,"$275,000.00","$301,250.00",José Martínez
Nashville SC,GK,"$67,360.00","$87,610.00",Ben Martino
New York City FC,D,"$1,650,000.00","$2,112,000.00",Thiago Martins
Orlando City SC,M,"$85,444.00","$85,444.00",Felipe Martins
Vancouver Whitecaps,D,"$300,000.00","$300,000.00",Luís Martins
Columbus Crew,F,"$450,000.00","$483,250.00",Alexandru Matan
FC Dallas,GK,"$300,000.00","$317,938.00",Jimmy Maurer
LA Galaxy,D,"$399,996.00","$452,496.00",Chris Mavinga
Colorado Rapids,D,"$1,100,000.00","$1,292,500.00",Andreas Maxsö
LAFC,D,"$149,000.00","$161,750.00",Mamadou Mbacke
Philadelphia Union,D,"$300,000.00","$373,589.00",Olivier Mbaizo
Toronto FC,F,"$67,360.00","$78,787.00",Hugo Mbongue
LAFC,GK,"$115,000.00","$121,667.00",John McCarthy
Nashville SC,M,"$275,000.00","$302,500.00",Dax McCarty
Atlanta United,D,"$85,444.00","$85,444.00",Aiden McFadden
New York City FC,D,"$85,444.00","$108,700.00",Christian McFarlane
Philadelphia Union,M,"$160,000.00","$186,533.00",Jack McGlynn
Portland Timbers,D,"$130,000.00","$151,875.00",Zac McGraw
Orlando City SC,F,"$67,360.00","$77,360.00",Duncan McGuire
Sporting Kansas City,GK,"$130,000.00","$130,000.00",Kendall McIntosh
Charlotte FC,F,"$100,000.00","$102,750.00",Orrin McKinze Gaines II
New England Revolution,F,"$420,000.00","$420,000.00",Tommy McNamara
Inter Miami,D,"$219,996.00","$244,296.00",Christopher McVey
New York Red Bulls,GK,"$280,000.00","$280,000.00",Ryan Meara
San Jose Earthquakes,M,"$85,444.00","$103,838.00",Cruz Medina
Columbus Crew,D,"$300,000.00","$331,250.00",Jimmy Medranda
Sporting Kansas City,GK,"$625,000.00","$637,500.00",Tim Melia
Real Salt Lake,F,"$500,000.00","$602,813.00",Jonathan Menéndez
San Jose Earthquakes,D,"$1,025,000.00","$1,165,667.00",Jonathan Mensah
Charlotte FC,F,"$450,000.00","$493,750.00",Justin Meram
FC Cincinnati,D,"$1,500,000.00","$1,500,000.00",Matt Miazga
LA Galaxy,GK,"$67,360.00","$67,360.00",Novak Micovic
Montreal,F,"$545,455.00","$593,364.00",Matko Miljevic
DC United,GK,"$400,000.00","$425,000.00",Tyler Miller
Inter Miami,D,"$375,000.00","$420,000.00",Kamal Miller
Portland Timbers,D,"$120,000.00","$135,000.00",Eric Miller
Seattle Sounders FC,M,"$1,300,000.00","$1,383,333.00",João Paulo Mior
New York City FC,F,"$1,300,000.00","$1,300,000.00",Alexandru Mitrita
New York City FC,GK,"$85,444.00","$85,444.00",Cody Mizell
Orlando City SC,F,"$85,444.00","$102,444.00",Shak Mohammed
Columbus Crew,F,"$735,367.00","$735,367.00",Kevin Molino
Chicago Fire,F,"$85,444.00","$87,344.00",Alex Monis
San Jose Earthquakes,M,"$1,200,000.00","$1,293,500.00",Jamiro Monteiro
Seattle Sounders FC,F,"$195,000.00","$195,000.00",Fredy Montero
Nashville SC,D,"$725,000.00","$806,500.00",Shaq Moore
Charlotte FC,D,"$225,000.00","$225,000.00",Joseph Mora
Portland Timbers,F,"$120,000.00","$383,000.00",Felipe Mora
New York City FC,M,"$600,000.00","$662,250.00",Alfredo Morales
Atlanta United,D,"$85,444.00","$85,444.00",Efraín Morales
Columbus Crew,D,"$700,000.00","$782,708.00",Steven Moreira
FC Cincinnati,D,"$349,992.00","$398,741.00",Júnior Moreno
Atlanta United,M,"$520,000.00","$628,333.00",Marcelino Moreno
Portland Timbers,F,"$340,000.00","$384,993.00",Santiago Moreno
New York Red Bulls,F,"$1,200,000.00","$1,375,000.00",Lewis Morgan
Seattle Sounders FC,F,"$1,550,000.00","$1,560,000.00",Jordan Morris
Columbus Crew,M,"$200,000.00","$202,000.00",Aidan Morris
Columbus Crew,D,"$85,444.00","$85,444.00",Jake Morris
DC United,M,"$850,000.00","$922,844.00",Ravel Morrison
FC Cincinnati,D,"$600,000.00","$650,000.00",Yerson Mosquera
Atlanta United,F,"$375,000.00","$412,000.00",Edwin Mosquera
Portland Timbers,D,"$184,000.00","$209,667.00",Juan David Mosquera
Chicago Fire,F,"$600,000.00","$662,320.00",Chris Mueller
Nashville SC,M,"$2,900,000.00","$3,188,750.00",Hany Mukhtar
FC Dallas,F,"$85,444.00","$123,627.00",José Mulato
San Jose Earthquakes,D,"$67,360.00","$67,360.00",Daniel Munie
Houston Dynamo,D,"$67,360.00","$67,360.00",Mujeeb Murana
LAFC,D,"$450,000.00","$509,500.00",Jesús Murillo
FC Cincinnati,D,"$72,050.00","$74,300.00",Ian Murphy
Real Salt Lake,F,"$98,687.00","$98,687.00",Danny Musovski
Nashville SC,F,"$500,000.00","$500,000.00",Alex Muyl
DC United,D,"$450,000.00","$450,000.00",Andy Nájar
Columbus Crew,M,"$1,800,000.00","$1,800,000.00",Darlington Nagbe
Chicago Fire,D,"$450,000.00","$507,500.00",Federico Navarro
Chicago Fire,D,"$260,004.00","$299,004.00",Miguel Ángel Navarro
New York Red Bulls,D,"$88,200.00","$88,200.00",Hassan Ndam
Sporting Kansas City,D,"$350,000.00","$396,125.00",Logan Ndenbe
LA Galaxy,D,"$125,000.00","$138,625.00",Jalen Neal
New York Red Bulls,D,"$225,000.00","$246,250.00",Dylan Nealis
New York Red Bulls,D,"$400,000.00","$476,250.00",Sean Nealis
Charlotte FC,D,"$67,360.00","$69,360.00",Jack Neeley
Inter Miami,D,"$225,000.00","$317,500.00",Franco Negri
St. Louis City SC,D,"$160,000.00","$168,000.00",John Nelson
Houston Dynamo,GK,"$135,000.00","$149,500.00",Michael Nelson
St. Louis City SC,D,"$250,000.00","$277,500.00",Jake Nerwinski
Inter Miami,D,"$67,360.00","$67,360.00",Harvey Neville
Vancouver Whitecaps,D,"$67,360.00","$85,359.00",J.C. Ngando
New York Red Bulls,F,"$67,360.00","$87,312.00",Serge Ngoma
Colorado Rapids,M,"$325,000.00","$360,313.00",Sam Nicholson
Portland Timbers,F,"$850,000.00","$1,019,244.00",Jaroslaw Niezgoda
St. Louis City SC,D,"$1,102,450.00","$1,158,450.00",Joakim Nilsson
New York Red Bulls,D,"$88,200.00","$88,200.00",Matthew Nocita
FC Dallas,D,"$67,360.00","$86,002.00",Nolan Norris
FC Dallas,M,"$85,444.00","$85,444.00",Tsiki Ntsabeleng
FC Cincinnati,D,"$1,155,000.00","$1,289,400.00",Obinna Nwobodo
Real Salt Lake,D,"$115,000.00","$133,822.00",Moses Nyeman
DC United,M,"$360,000.00","$363,000.00",Lewis O'Brien
St. Louis City SC,M,"$67,360.00","$72,360.00",Owen O'Malley
Toronto FC,D,"$350,000.00","$388,000.00",Shane O'Neill
New York City FC,D,"$85,444.00","$85,444.00",Kevin O'Toole
FC Dallas,F,"$382,500.00","$467,100.00",Jáder Obrian
Austin FC,F,"$67,360.00","$83,360.00",Alfonso Ocampo-Chávez
San Jose Earthquakes,GK,"$130,000.00","$140,071.00",Emmanuel Ochoa
Philadelphia Union,D,"$95,000.00","$113,500.00",Richard Odada
Montreal,F,"$200,000.00","$257,875.00",Chinonso Offor
New York Red Bulls,D,"$67,360.00","$76,110.00",Curtis Ofori
Orlando City SC,F,"$840,000.00","$912,600.00",Martín Ojeda
Real Salt Lake,M,"$590,000.00","$648,653.00",Braian Ojeda
Inter Miami,M,"$750,000.00","$828,750.00",Jean Mota Oliveira de Sousa
Minnesota United,F,"$68,775.00","$68,775.00",Tani Oluwaseyi
Chicago Fire,D,"$170,000.00","$187,000.00",Wyatt Omsberg
LAFC,F,"$216,000.00","$257,288.00",Kwadwo Opoku
FC Cincinnati,F,"$85,444.00","$88,981.00",Arquímides Ordóñez
LAFC,F,"$85,444.00","$87,944.00",Nathan Ordaz
Chicago Fire,M,"$67,360.00","$67,360.00",Sergio Oregel
Real Salt Lake,D,"$85,444.00","$85,444.00",Jaziel Orozco
Toronto FC,M,"$1,400,000.00","$1,400,000.00",Jonathan Osorio
St. Louis City SC,M,"$700,000.00","$801,000.00",Tomás Ostrák
Real Salt Lake,D,"$325,000.00","$375,826.00",Bryan Oviedo
New York City FC,D,"$67,360.00","$67,360.00",Samuel Owusu
DC United,D,"$875,000.00","$892,500.00",Victor Pálsson
LA Galaxy,F,"$250,000.00","$283,000.00",Jonathan Pérez
Minnesota United,D,"$67,360.00","$74,360.00",Devin Padelford
FC Dallas,GK,"$300,000.00","$337,500.00",Maarten Paes
LAFC,D,"$540,000.00","$564,000.00",Diego Palacios
LAFC,D,"$225,000.00","$432,500.00",Sergi Palencia
New England Revolution,M,"$67,360.00","$69,360.00",Jack Panayotou
Nashville SC,GK,"$89,716.00","$89,716.00",Elliot Panicco
Montreal,GK,"$144,996.00","$163,996.00",James Pantemis
Portland Timbers,M,"$550,000.00","$648,000.00",Cristhian Paredes
Columbus Crew,M,"$85,444.00","$89,444.00",Isaiah Parente
FC Dallas,D,"$67,360.00","$77,360.00",Isaiah Parker
St. Louis City SC,D,"$1,000,000.00","$1,037,500.00",Tim Parker
New York City FC,D,"$550,000.00","$550,000.00",Keaton Parks
Real Salt Lake,F,"$67,360.00","$74,873.00",Ilijah Paul
San Jose Earthquakes,D,"$700,000.00","$741,250.00",Nathan Raphael Pelae Cardoso
New York City FC,F,"$1,025,000.00","$1,120,833.00",Matías Pellegrini
Philadelphia Union,D,"$525,000.00","$591,500.00",Andrés Perea
Austin FC,M,"$100,000.00","$118,414.00",Daniel Pereira
New York City FC,F,"$590,000.00","$659,500.00",Gabriel Pereira dos Santos
Orlando City SC,M,"$675,000.00","$675,000.00",Mauricio Pereyra
St. Louis City SC,M,"$67,360.00","$67,360.00",Miguel Perez
Toronto FC,F,"$130,000.00","$132,500.00",Jordan Perruzza
Nashville SC,F,"$67,360.00","$74,860.00",Nebiyou Perry
Orlando City SC,D,"$85,444.00","$94,468.00",Luca Petrasso
Toronto FC,D,"$625,000.00","$856,625.00",Raoul Petretta
New England Revolution,GK,"$450,000.00","$450,000.00",Djordje Petrovic
Nashville SC,F,"$650,000.00","$650,000.00",Fafà Picault
St. Louis City SC,D,"$325,000.00","$374,375.00",Selmir Pidro
Sporting Kansas City,D,"$85,444.00","$91,819.00",Kayden Pierre
Philadelphia Union,F,"$67,360.00","$81,476.00",Nelson Pierre
Real Salt Lake,D,"$67,360.00","$72,795.00",Delentz Pierre
Montreal,D,"$397,375.00","$469,563.00",Samuel Piette
Chicago Fire,D,"$255,000.00","$278,875.00",Mauricio Pineda
DC United,D,"$200,000.00","$202,000.00",Donovan Pines
FC Cincinnati,D,"$67,360.00","$67,360.00",Malik Pinto
Inter Miami,M,"$3,050,000.00","$3,350,000.00",Rodolfo Pizarro
New England Revolution,D,"$500,000.00","$541,667.00",Matt Polster
St. Louis City SC,F,"$68,775.00","$68,775.00",Célio Antonio Pompeu
FC Dallas,M,"$800,000.00","$908,000.00",Paxton Pomykal
Philadelphia Union,D,"$150,000.00","$163,515.00",Gino Portella
FC Cincinnati,D,"$190,000.00","$207,000.00",Alvas Powell
Colorado Rapids,M,"$762,500.00","$825,000.00",Jack Price
Colorado Rapids,D,"$89,716.00","$89,716.00",Ralph Priso-Mbongue
Charlotte FC,M,"$67,360.00","$67,360.00",Andrew Privett
Chicago Fire,F,"$1,100,004.00","$1,212,504.00",Kacper Przybylko
LA Galaxy,M,"$1,650,000.00","$1,732,500.00",Riqui Puig
Sporting Kansas City,F,"$2,200,000.00","$2,200,000.00",Alan Pulido
Sporting Kansas City,GK,"$150,000.00","$173,500.00",John Pulskamp
Atlanta United,D,"$400,000.00","$483,500.00",Juan José Purata
Houston Dynamo,F,"$216,996.00","$237,890.00",Nelson Quiñónes
FC Dallas,D,"$836,000.00","$890,627.00",Facundo Quignón
Columbus Crew,D,"$67,360.00","$67,360.00",Philip Quinton
Montreal,F,"$950,000.00","$1,035,000.00",Romell Quioto
Houston Dynamo,M,"$85,444.00","$89,886.00",Daniel Ríos
Sporting Kansas City,D,"$1,440,000.00","$1,530,000.00",Nemanja Radoja
Austin FC,D,"$600,000.00","$692,500.00",Aleksandar Radovanovic
Philadelphia Union,M,"$85,444.00","$93,080.00",Jeremy Rafanello
Seattle Sounders FC,D,"$85,444.00","$85,444.00",Jackson Ragen
Houston Dynamo,D,"$85,444.00","$103,507.00",Brooklyn Raines
Columbus Crew,F,"$400,000.00","$445,833.00",Christian Ramirez
Toronto FC,GK,"$95,000.00","$100,167.00",Greg Ranjitsingh
Vancouver Whitecaps,M,"$120,000.00","$137,000.00",Ryan Raposo
Portland Timbers,D,"$85,444.00","$85,444.00",Justin Rasmussen
Montreal,M,"$85,444.00","$92,340.00",Sean Rea
Philadelphia Union,D,"$140,000.00","$149,833.00",Matt Real
Austin FC,F,"$440,000.00","$440,000.00",Rodney Redes
New York Red Bulls,D,"$67,360.00","$77,179.00",Jayden Reid
New England Revolution,F,"$125,000.00","$136,000.00",Justin Rennicks
New England Revolution,D,"$68,775.00","$68,775.00",Ben Reveno
New York Red Bulls,D,"$450,000.00","$494,375.00",Andrés Reyes
Chicago Fire,D,"$67,360.00","$67,360.00",Justin Reynolds
Minnesota United,M,"$1,600,000.00","$2,151,200.00",Emanuel Reynoso
Chicago Fire,GK,"$132,000.00","$132,000.00",Spencer Richey
San Jose Earthquakes,F,"$68,775.00","$68,775.00",Will Richmond
Austin FC,F,"$1,599,996.00","$2,047,996.00",Emiliano Rigoni
Sporting Kansas City,D,"$67,360.00","$67,360.00",Chris Rindov
Austin FC,M,"$1,500,000.00","$1,640,000.00",Alexander Ring
Real Salt Lake,D,"$67,360.00","$78,460.00",Luis Rivera
New England Revolution,M,"$88,200.00","$88,200.00",Damián Rivera
Orlando City SC,F,"$85,444.00","$85,444.00",Wilfredo Rivera
DC United,F,"$550,000.00","$622,542.00",Nigel Robertha
Atlanta United,D,"$1,400,000.00","$1,437,500.00",Miles Robinson
Inter Miami,F,"$200,000.00","$231,000.00",Robbie Robinson
FC Cincinnati,D,"$85,444.00","$106,336.00",Harrison Robledo
DC United,F,"$1,000,000.00","$1,266,200.00",Martín Rodríguez
New York City FC,M,"$1,200,000.00","$1,331,333.00",Santiago Rodríguez
Inter Miami,M,"$330,000.00","$365,700.00",Emerson Rodríguez
LA Galaxy,M,"$180,000.00","$210,167.00",Memo Rodríguez
Chicago Fire,F,"$67,360.00","$67,360.00",Missael Rodríguez
San Jose Earthquakes,D,"$600,000.00","$658,000.00",Antônio Josenildo Rodrigues de Oliveira
Chicago Fire,D,"$85,444.00","$87,344.00",Allan Rodriguez
Colorado Rapids,GK,"$88,200.00","$88,200.00",Abraham Rodriguez
Seattle Sounders FC,D,"$300,000.00","$332,500.00",Álex Roldán
Seattle Sounders FC,M,"$1,320,000.00","$1,441,000.00",Cristian Roldán
Austin FC,D,"$460,000.00","$460,000.00",Jhohan Romaña
Toronto FC,GK,"$120,000.00","$125,000.00",Tomás Romero
Charlotte FC,F,"$67,360.00","$78,193.00",Brian Romero
LAFC,GK,"$85,444.00","$85,444.00",Abraham Romero
New England Revolution,D,"$625,000.00","$671,667.00",Dave Romney
Colorado Rapids,M,"$460,000.00","$512,400.00",Connor Ronan
Columbus Crew,GK,"$815,000.00","$898,000.00",Eloy Room
Minnesota United,M,"$85,444.00","$85,444.00",Joseph Rosales
LA Galaxy,D,"$500,000.00","$500,000.00",Uri Rosell
Colorado Rapids,D,"$400,000.00","$400,000.00",Keegan Rosenberry
Sporting Kansas City,D,"$456,000.00","$456,000.00",Dany Rosero
Atlanta United,M,"$650,000.00","$764,375.00",Matheus Rossetto
Toronto FC,D,"$763,636.00","$768,636.00",Sigurd Rosted
Seattle Sounders FC,M,"$300,000.00","$300,000.00",Kelyn Rowe
Real Salt Lake,F,"$600,000.00","$672,847.00",Rubio Rubín
Colorado Rapids,F,"$660,000.00","$704,667.00",Diego Rubio
Seattle Sounders FC,F,"$2,472,000.00","$3,201,120.00",Raúl Ruidíaz
Real Salt Lake,M,"$500,000.00","$573,500.00",Pablo Ruiz
Seattle Sounders FC,M,"$1,800,000.00","$1,871,667.00",Albert Rusnák
Sporting Kansas City,F,"$1,000,000.00","$1,000,000.00",Johnny Russell
Columbus Crew,F,"$67,360.00","$74,749.00",Jacen Russell-Rowe
LAFC,D,"$1,207,500.00","$1,207,500.00",Ilie Sánchez
Inter Miami,D,"$85,444.00","$85,444.00",Ryan Sailor
LA Galaxy,M,"$93,989.00","$93,989.00",Adam Saldaña
Montreal,M,"$67,360.00","$79,169.00",Nathan-Dylan Saliba
Orlando City SC,D,"$67,360.00","$67,360.00",Abdi Salim
Sporting Kansas City,F,"$1,100,000.00","$1,100,000.00",Dániel Sallói
DC United,D,"$85,444.00","$85,444.00",Gaoussou Samaké
Columbus Crew,D,"$85,444.00","$91,694.00",Will Sands
New York City FC,D,"$1,000,000.00","$1,058,333.00",James Sands
DC United,F,"$350,000.00","$390,000.00",Pedro Santos
FC Cincinnati,F,"$700,000.00","$814,375.00",Sergio Santos
Charlotte FC,M,"$550,000.00","$611,387.00",Nuno Santos
Toronto FC,F,"$600,000.00","$616,667.00",C.J. Sapong
DC United,D,"$85,444.00","$85,444.00",Hayden Sargis
Real Salt Lake,F,"$1,525,000.00","$1,749,292.00",Jefferson Savarino
Charlotte FC,F,"$67,360.00","$67,360.00",Nick Scardina
Vancouver Whitecaps,M,"$900,000.00","$992,500.00",Alessandro Schöpf
Orlando City SC,D,"$300,000.00","$349,250.00",Rodrigo Schlegel
Houston Dynamo,D,"$85,444.00","$85,444.00",Tate Schmitt
St. Louis City SC,D,"$68,775.00","$68,775.00",Max Schneider
Columbus Crew,GK,"$88,200.00","$103,178.00",Patrick Schulte
FC Dallas,F,"$67,360.00","$83,302.00",Tarik Scott
Columbus Crew,GK,"$88,200.00","$88,200.00",Brady Scott
FC Dallas,F,"$250,000.00","$277,301.00",Dante Sealy
New York City FC,F,"$67,360.00","$67,360.00",Gabriel Segal
Atlanta United,D,"$85,444.00","$92,111.00",Amar Sejdic
Toronto FC,M,"$475,000.00","$530,833.00",Brandon Servania
Nashville SC,F,"$150,000.00","$195,000.00",Jacob Shaffelburg
Chicago Fire,M,"$7,350,000.00","$8,153,000.00",Xherdan Shaqiri
Sporting Kansas City,F,"$575,000.00","$625,000.00",Khiry Shelton
Charlotte FC,F,"$500,000.00","$530,000.00",Andre Shinyashiki
New York City FC,M,"$67,360.00","$79,860.00",Jonathan Shore
Real Salt Lake,D,"$600,000.00","$600,000.00",Marcelo Silva
San Jose Earthquakes,D,"$250,000.00","$250,000.00",Judson Silva Tavares
Charlotte FC,F,"$315,000.00","$349,900.00",Vinicius Silveira de Mello
Toronto FC,D,"$85,444.00","$93,410.00",Luke Singh
Montreal,GK,"$85,444.00","$89,780.00",Jonathan Sirois
Charlotte FC,GK,"$190,000.00","$210,667.00",Pablo Sisniega
San Jose Earthquakes,M,"$88,200.00","$88,200.00",Jack Skahan
Nashville SC,D,"$67,360.00","$72,360.00",Joey Skinner
FC Dallas,D,"$130,000.00","$135,000.00",Collin Smith
Houston Dynamo,D,"$375,000.00","$416,875.00",Brad Smith
Orlando City SC,D,"$250,000.00","$265,900.00",Kyle Smith
Charlotte FC,D,"$325,000.00","$351,250.00",Jan Sobocinski
Philadelphia Union,D,"$95,000.00","$98,000.00",Anton Sorenson
Atlanta United,D,"$575,000.00","$693,100.00",Santiago Sosa
Chicago Fire,D,"$600,000.00","$679,667.00",Arnaud Souquet
FC Cincinnati,F,"$1,680,000.00","$2,218,600.00",Brenner Souza da Silva
New England Revolution,D,"$85,444.00","$85,444.00",Ryan Spaulding
New York Red Bulls,M,"$68,775.00","$68,775.00",Steven Sserwadda
Minnesota United,GK,"$410,000.00","$431,875.00",Dayne St. Clair
Orlando City SC,GK,"$130,000.00","$145,650.00",Mason Stajduhar
Inter Miami,F,"$400,000.00","$441,667.00",Nicolás Stefanelli
Houston Dynamo,D,"$355,000.00","$402,175.00",Daniel Steres
St. Louis City SC,F,"$88,200.00","$103,200.00",Jared Stroud
New York Red Bulls,M,"$85,444.00","$105,447.00",Peter Stroud
Austin FC,GK,"$408,000.00","$430,813.00",Brad Stuver
New England Revolution,D,"$67,360.00","$80,582.00",Santiago Suárez
Philadelphia Union,M,"$120,000.00","$123,500.00",Quinn Sullivan
Portland Timbers,GK,"$85,444.00","$89,247.00",Hunter Sulte
Houston Dynamo,D,"$410,532.00","$460,532.00",Erik Sviatchenko
New England Revolution,D,"$250,000.00","$250,000.00",Ben Sweat
Charlotte FC,F,"$2,200,000.00","$2,258,000.00",Karol Swiderski
Vancouver Whitecaps,GK,"$179,520.00","$297,233.00",Yohei Takaoka
Minnesota United,D,"$500,012.00","$586,887.00",Miguel Tapias
Houston Dynamo,GK,"$250,000.00","$280,000.00",Andrew Tarbell
Inter Miami,F,"$276,000.00","$302,900.00",Robert Taylor
Minnesota United,D,"$98,261.00","$98,261.00",D.J. Taylor
Vancouver Whitecaps,D,"$400,000.00","$449,375.00",Russell Teibert
Chicago Fire,D,"$230,000.00","$285,440.00",Carlos Terán
Seattle Sounders FC,M,"$68,775.00","$68,775.00",Dylan Teves
Orlando City SC,M,"$160,000.00","$195,500.00",Dagur Dan Thórhallsson
Seattle Sounders FC,GK,"$125,000.00","$132,500.00",Andrew Thomas
Sporting Kansas City,M,"$1,550,000.00","$1,656,250.00",Erik Thommy
San Jose Earthquakes,D,"$115,000.00","$115,000.00",Tommy Thompson
Toronto FC,M,"$85,444.00","$90,704.00",Kosi Thompson
Montreal,D,"$175,000.00","$198,500.00",Róbert Orri Thorkelsson
LAFC,M,"$500,000.00","$537,500.00",Timothy Tillman
San Jose Earthquakes,D,"$67,360.00","$67,360.00",Keegan Tingey
New York Red Bulls,D,"$400,000.00","$435,500.00",John Tolkin
Seattle Sounders FC,D,"$550,000.00","$571,875.00",Nouhou Tolo
Orlando City SC,F,"$640,000.00","$993,200.00",Facundo Torres
Chicago Fire,F,"$1,100,004.00","$1,469,337.00",Jairo Torres
Philadelphia Union,F,"$260,000.00","$309,800.00",Joaquín Torres
LAFC,F,"$112,500.00","$123,165.00",Christian Torres
Major League Soccer,F,"$85,444.00","$100,062.00",Dantouma Toure
Montreal,F,"$550,000.00","$608,000.00",Mason Toye
LAFC,D,"$125,000.00","$125,000.00",Mohamed Traore
Minnesota United,D,"$850,000.00","$850,000.00",Wil Trapp
San Jose Earthquakes,D,"$500,000.00","$550,000.00",Miguel Trauco
Colorado Rapids,D,"$67,360.00","$69,860.00",Jackson Travis
Philadelphia Union,GK,"$67,360.00","$67,360.00",Holden Trent
San Jose Earthquakes,M,"$85,444.00","$89,611.00",Niko Tsakiris
Charlotte FC,D,"$435,000.00","$459,938.00",Bill Tuiloma
FC Dallas,D,"$320,000.00","$339,300.00",Ema Twumasi
Sporting Kansas City,F,"$625,000.00","$625,000.00",Marinos Tzionis
Philadelphia Union,F,"$1,700,000.00","$1,940,000.00",Mikael Uhre
Portland Timbers,F,"$68,775.00","$68,775.00",Nathan Uiliam Fogaça
Inter Miami,D,"$250,000.00","$250,000.00",Víctor Ulloa
Austin FC,F,"$700,000.00","$736,250.00",Maximiliano Urruti
Toronto FC,M,"$268,000.00","$301,500.00",Víctor Vázquez
Austin FC,D,"$600,000.00","$654,500.00",Leo Väisänen
Houston Dynamo,GK,"$85,444.00","$95,155.00",Xavier Valdez
Austin FC,D,"$400,000.00","$445,125.00",Jhojan Valencia
Inter Miami,F,"$85,444.00","$85,444.00",Felipe Valencia
Minnesota United,D,"$85,444.00","$85,444.00",Zarek Valentin
Colorado Rapids,D,"$336,000.00","$368,880.00",Gustavo Vallecilla
Houston Dynamo,D,"$300,000.00","$330,583.00",Djevencio van der Kust
New York Red Bulls,F,"$1,320,000.00","$1,459,767.00",Dante Vanzeir
Seattle Sounders FC,M,"$67,360.00","$76,392.00",Obed Vargas
Charlotte FC,F,"$375,000.00","$412,125.00",Kerwin Vargas
St. Louis City SC,M,"$250,000.00","$281,250.00",Indiana Vassilev
FC Cincinnati,F,"$900,000.00","$1,041,000.00",Brandon Vazquez
LAFC,F,"$3,000,000.00","$3,337,500.00",Carlos Vela
FC Dallas,F,"$1,200,000.00","$1,401,000.00",Alan Velasco
Houston Dynamo,D,"$550,000.00","$622,813.00",Matías Vera
Real Salt Lake,D,"$450,000.00","$507,000.00",Brayan Vera
Major League Soccer,GK,"$387,334.00","$387,334.00",Kenneth Vermeer
Vancouver Whitecaps,D,"$495,000.00","$580,500.00",Ranko Veselinovic
Montreal,F,"$85,444.00","$92,319.00",Jules-Anthony Vilsaint
Vancouver Whitecaps,M,"$592,000.00","$645,997.00",Pedro Vite
LA Galaxy,F,"$67,360.00","$67,360.00",Gino Vivi
Sporting Kansas City,D,"$425,000.00","$452,860.00",Robert Voloder
New England Revolution,F,"$1,600,000.00","$1,847,500.00",Giacomo Vrioni
Philadelphia Union,D,"$630,000.00","$701,000.00",Kai Wagner
Charlotte FC,GK,"$67,360.00","$67,360.00",Isaac Walker
San Jose Earthquakes,D,"$150,000.00","$153,000.00",Casey Walls
Sporting Kansas City,M,"$850,000.00","$850,000.00",Rémi Walter
FC Cincinnati,GK,"$67,360.00","$75,327.00",Paul Walters
Montreal,D,"$1,440,000.00","$1,800,000.00",Victor Wanyama
Colorado Rapids,M,"$85,444.00","$85,444.00",Collen Warner
Nashville SC,D,"$98,688.00","$112,269.00",Taylor Washington
Montreal,D,"$161,370.00","$288,202.00",Joel Waterman
St. Louis City SC,D,"$67,360.00","$67,360.00",Akil Watts
Minnesota United,F,"$85,444.00","$98,736.00",Patrick Weah
Real Salt Lake,M,"$85,444.00","$105,444.00",Jude Wellings
Atlanta United,GK,"$200,000.00","$200,000.00",Quentin Westberg
Charlotte FC,D,"$750,000.00","$850,000.00",Ashley Westwood
Vancouver Whitecaps,F,"$511,000.00","$511,000.00",Brian White
Atlanta United,D,"$85,444.00","$87,044.00",Caleb Wiley
DC United,D,"$800,000.00","$871,458.00",Derrick Williams
Orlando City SC,D,"$85,444.00","$91,974.00",Thomas Williams
Columbus Crew,D,"$325,000.00","$325,000.00",Josh Williams
Portland Timbers,M,"$625,000.00","$625,000.00",Eryk Williamson
Nashville SC,GK,"$375,000.00","$391,250.00",Joe Willis
Colorado Rapids,D,"$330,000.00","$354,750.00",Danny Wilson
Atlanta United,F,"$120,000.00","$124,500.00",Tyler Wolff
Austin FC,M,"$100,000.00","$113,053.00",Owen Wolff
New England Revolution,F,"$400,000.00","$421,250.00",Bobby Wood
Nashville SC,D,"$85,444.00","$87,777.00",Laurence Wyke
Vancouver Whitecaps,D,"$89,716.00","$94,123.00",Karifa Yao
Colorado Rapids,F,"$85,444.00","$96,277.00",Darren Yapi
Colorado Rapids,GK,"$400,000.00","$475,000.00",William Yarbrough
St. Louis City SC,D,"$85,444.00","$85,444.00",Joshua Yaro
New York Red Bulls,M,"$525,000.00","$593,750.00",Dru Yearwood
Columbus Crew,F,"$600,000.00","$663,750.00",Yaw Yeboah
Inter Miami,D,"$825,000.00","$873,750.00",DeAndre Yedlin
San Jose Earthquakes,M,"$750,000.00","$786,875.00",Jackson Yueill
DC United,GK,"$85,444.00","$85,444.00",Luis Zamudio
Austin FC,F,"$800,000.00","$800,000.00",Gyasi Zardes
LA Galaxy,D,"$85,444.00","$85,444.00",Eriq Zavaleta
Columbus Crew,M,"$88,200.00","$93,200.00",Sean Zawadzki
Columbus Crew,M,"$3,200,000.00","$3,800,000.00",Lucas Zelarayán
Charlotte FC,GK,"$85,444.00","$93,430.00",Adrián Zendejas
Nashville SC,D,"$1,800,000.00","$2,056,979.00",Walker Zimmerman
Montreal,M,"$85,444.00","$92,340.00",Rida Zouhir
Nashville SC,F,"$195,000.00","$209,000.00",Ethan Zubak
Portland Timbers,D,"$735,000.00","$939,200.00",Dario Zuparic
Sporting Kansas City,D,"$325,000.00","$325,000.00",Graham Zusi
