Base Salary,Guaranteed Compensation,Name,id,rating,player_image,player_name,country_image,league_image,position,club,league,pace,shooting,passing,dribbling,defending,physical,limit
"$665,000.00","$702,125.00",Lalas Abubakar,3eaa2212-f72e-11ed-8195-acde48001122,69,,Lalas Abubakar,,,CB,Colorado Rapids,Major League Soccer,56,32,50,50,66,79,2500
"$665,000.00","$702,125.00",Lalas Abubakar,3eaa2212-f72e-11ed-8195-acde48001122,69,,Lalas Abubakar,,,CB,Colorado Rapids,Major League Soccer,56,32,50,50,66,79,3000
"$665,000.00","$702,125.00",Lalas Abubakar,3eaa2212-f72e-11ed-8195-acde48001122,69,,Lalas Abubakar,,,CB,Colorado Rapids,Major League Soccer,56,32,50,50,66,79,3500
"$350,000.00","$406,406.00",Frankie Amaya,434a1324-f731-11ed-8195-acde48001122,67,,Frankie Amaya,,,CM,Red Bulls,Major League Soccer,72,54,63,69,62,66,3000
"$350,000.00","$406,406.00",Frankie Amaya,434a1324-f731-11ed-8195-acde48001122,67,,Frankie Amaya,,,CM,Red Bulls,Major League Soccer,72,54,63,69,62,66,3500
"$3,600,000.00","$4,483,333.00",Luiz Araújo,1463c6a6-f725-11ed-8195-acde48001122,78,,Luiz Araújo,,,RM,Atlanta United,Major League Soccer,88,69,72,83,39,57,1000
"$3,600,000.00","$4,483,333.00",Luiz Araújo,1463c6a6-f725-11ed-8195-acde48001122,78,,Luiz Araújo,,,RM,Atlanta United,Major League Soccer,88,69,72,83,39,57,1500
"$3,600,000.00","$4,483,333.00",Luiz Araújo,1463c6a6-f725-11ed-8195-acde48001122,78,,Luiz Araújo,,,RM,Atlanta United,Major League Soccer,88,69,72,83,39,57,2000
"$3,600,000.00","$4,483,333.00",Luiz Araújo,1463c6a6-f725-11ed-8195-acde48001122,78,,Luiz Araújo,,,RM,Atlanta United,Major League Soccer,88,69,72,83,39,57,2500
"$3,600,000.00","$4,483,333.00",Luiz Araújo,1463c6a6-f725-11ed-8195-acde48001122,78,,Luiz Araújo,,,RM,Atlanta United,Major League Soccer,88,69,72,83,39,57,3000
"$3,600,000.00","$4,483,333.00",Luiz Araújo,1463c6a6-f725-11ed-8195-acde48001122,78,,Luiz Araújo,,,RM,Atlanta United,Major League Soccer,88,69,72,83,39,57,3500
"$255,000.00","$294,000.00",César Araújo,01dac4da-f72f-11ed-8195-acde48001122,68,,César Araújo,,,CDM,Orlando City,Major League Soccer,62,53,56,63,63,68,500
"$255,000.00","$294,000.00",César Araújo,01dac4da-f72f-11ed-8195-acde48001122,68,,César Araújo,,,CDM,Orlando City,Major League Soccer,62,53,56,63,63,68,1000
"$255,000.00","$294,000.00",César Araújo,01dac4da-f72f-11ed-8195-acde48001122,68,,César Araújo,,,CDM,Orlando City,Major League Soccer,62,53,56,63,63,68,1500
"$255,000.00","$294,000.00",César Araújo,01dac4da-f72f-11ed-8195-acde48001122,68,,César Araújo,,,CDM,Orlando City,Major League Soccer,62,53,56,63,63,68,2000
"$255,000.00","$294,000.00",César Araújo,01dac4da-f72f-11ed-8195-acde48001122,68,,César Araújo,,,CDM,Orlando City,Major League Soccer,62,53,56,63,63,68,2500
"$255,000.00","$294,000.00",César Araújo,01dac4da-f72f-11ed-8195-acde48001122,68,,César Araújo,,,CDM,Orlando City,Major League Soccer,62,53,56,63,63,68,3000
"$255,000.00","$294,000.00",César Araújo,01dac4da-f72f-11ed-8195-acde48001122,68,,César Araújo,,,CDM,Orlando City,Major League Soccer,62,53,56,63,63,68,3500
"$750,000.00","$750,000.00",Xavier Arreaga,0ad3b5dc-f730-11ed-8195-acde48001122,68,,Xavier Arreaga,,,CB,Sounders FC,Major League Soccer,57,28,49,56,68,73,500
"$750,000.00","$750,000.00",Xavier Arreaga,0ad3b5dc-f730-11ed-8195-acde48001122,68,,Xavier Arreaga,,,CB,Sounders FC,Major League Soccer,57,28,49,56,68,73,1000
"$750,000.00","$750,000.00",Xavier Arreaga,0ad3b5dc-f730-11ed-8195-acde48001122,68,,Xavier Arreaga,,,CB,Sounders FC,Major League Soccer,57,28,49,56,68,73,1500
"$750,000.00","$750,000.00",Xavier Arreaga,0ad3b5dc-f730-11ed-8195-acde48001122,68,,Xavier Arreaga,,,CB,Sounders FC,Major League Soccer,57,28,49,56,68,73,2000
"$750,000.00","$750,000.00",Xavier Arreaga,0ad3b5dc-f730-11ed-8195-acde48001122,68,,Xavier Arreaga,,,CB,Sounders FC,Major League Soccer,57,28,49,56,68,73,2500
"$750,000.00","$750,000.00",Xavier Arreaga,0ad3b5dc-f730-11ed-8195-acde48001122,68,,Xavier Arreaga,,,CB,Sounders FC,Major League Soccer,57,28,49,56,68,73,3000
"$750,000.00","$750,000.00",Xavier Arreaga,0ad3b5dc-f730-11ed-8195-acde48001122,68,,Xavier Arreaga,,,CB,Sounders FC,Major League Soccer,57,28,49,56,68,73,3500
"$4,250,000.00","$4,432,778.00",Christian Benteke,49957f1e-f71f-11ed-8195-acde48001122,88,,Christian Benteke,,,ST,D.C. United,Major League Soccer,87,92,79,87,45,92,3000
"$4,250,000.00","$4,432,778.00",Christian Benteke,49957f1e-f71f-11ed-8195-acde48001122,88,,Christian Benteke,,,ST,D.C. United,Major League Soccer,87,92,79,87,45,92,3500
"$3,125,000.00","$6,295,381.00",Federico Bernardeschi,4e57d326-f724-11ed-8195-acde48001122,79,,Federico Bernardeschi,,,RM,Toronto FC,Major League Soccer,77,71,79,82,62,66,3500
"$815,000.00","$815,000.00",Steve Birnbaum,1de85512-f72e-11ed-8195-acde48001122,69,,Steve Birnbaum,,,CB,D.C. United,Major League Soccer,34,31,45,51,68,85,1500
"$815,000.00","$815,000.00",Steve Birnbaum,1de85512-f72e-11ed-8195-acde48001122,69,,Steve Birnbaum,,,CB,D.C. United,Major League Soccer,34,31,45,51,68,85,2000
"$815,000.00","$815,000.00",Steve Birnbaum,1de85512-f72e-11ed-8195-acde48001122,69,,Steve Birnbaum,,,CB,D.C. United,Major League Soccer,34,31,45,51,68,85,2500
"$815,000.00","$815,000.00",Steve Birnbaum,1de85512-f72e-11ed-8195-acde48001122,69,,Steve Birnbaum,,,CB,D.C. United,Major League Soccer,34,31,45,51,68,85,3000
"$815,000.00","$815,000.00",Steve Birnbaum,1de85512-f72e-11ed-8195-acde48001122,69,,Steve Birnbaum,,,CB,D.C. United,Major League Soccer,34,31,45,51,68,85,3500
"$350,000.00","$368,813.00",Brandon Bye,26650382-f72b-11ed-8195-acde48001122,71,,Brandon Bye,,,RB,New England,Major League Soccer,77,58,61,65,68,73,2000
"$350,000.00","$368,813.00",Brandon Bye,26650382-f72b-11ed-8195-acde48001122,71,,Brandon Bye,,,RB,New England,Major League Soccer,77,58,61,65,68,73,2500
"$350,000.00","$368,813.00",Brandon Bye,26650382-f72b-11ed-8195-acde48001122,71,,Brandon Bye,,,RB,New England,Major League Soccer,77,58,61,65,68,73,3000
"$350,000.00","$368,813.00",Brandon Bye,26650382-f72b-11ed-8195-acde48001122,71,,Brandon Bye,,,RB,New England,Major League Soccer,77,58,61,65,68,73,3500
"$350,000.00","$381,125.00",Déiber Caicedo,3d80c758-f72c-11ed-8195-acde48001122,70,,Déiber Caicedo,,,LM,Whitecaps FC,Major League Soccer,83,63,61,77,35,55,2500
"$350,000.00","$381,125.00",Déiber Caicedo,3d80c758-f72c-11ed-8195-acde48001122,70,,Déiber Caicedo,,,LM,Whitecaps FC,Major League Soccer,83,63,61,77,35,55,3000
"$350,000.00","$381,125.00",Déiber Caicedo,3d80c758-f72c-11ed-8195-acde48001122,70,,Déiber Caicedo,,,LM,Whitecaps FC,Major League Soccer,83,63,61,77,35,55,3500
"$575,000.00","$575,000.00",Russell Canouse,33a1d290-f72c-11ed-8195-acde48001122,70,,Russell Canouse,,,CDM,D.C. United,Major League Soccer,65,53,57,65,68,81,2500
"$575,000.00","$575,000.00",Russell Canouse,33a1d290-f72c-11ed-8195-acde48001122,70,,Russell Canouse,,,CDM,D.C. United,Major League Soccer,65,53,57,65,68,81,3000
"$575,000.00","$575,000.00",Russell Canouse,33a1d290-f72c-11ed-8195-acde48001122,70,,Russell Canouse,,,CDM,D.C. United,Major League Soccer,65,53,57,65,68,81,3500
"$400,000.00","$483,333.00",Maxime Chanot,564722b6-f72a-11ed-8195-acde48001122,72,,Maxime Chanot,,,CB,New York City FC,Major League Soccer,51,49,48,50,71,79,3500
"$650,000.00","$658,333.00",Diego Chará,58b1c932-f727-11ed-8195-acde48001122,75,,Diego Chará,,,CDM,Portland Timbers,Major League Soccer,76,60,65,71,71,80,3500
"$1,500,000.00","$1,803,000.00",Yimmi Chará,3c813400-f727-11ed-8195-acde48001122,75,,Yimmi Chará,,,CAM,Portland Timbers,Major League Soccer,91,69,67,78,52,71,2500
"$1,500,000.00","$1,803,000.00",Yimmi Chará,3c813400-f727-11ed-8195-acde48001122,75,,Yimmi Chará,,,CAM,Portland Timbers,Major League Soccer,91,69,67,78,52,71,3000
"$1,500,000.00","$1,803,000.00",Yimmi Chará,3c813400-f727-11ed-8195-acde48001122,75,,Yimmi Chará,,,CAM,Portland Timbers,Major League Soccer,91,69,67,78,52,71,3500
"$1,000,000.00","$1,075,000.00",Giorgio Chiellini,25290442-f720-11ed-8195-acde48001122,87,,Giorgio Chiellini,,,CAM,LAFC,Major League Soccer,88,87,85,86,70,84,1500
"$1,000,000.00","$1,075,000.00",Giorgio Chiellini,25290442-f720-11ed-8195-acde48001122,87,,Giorgio Chiellini,,,CAM,LAFC,Major League Soccer,88,87,85,86,70,84,2000
"$1,000,000.00","$1,075,000.00",Giorgio Chiellini,25290442-f720-11ed-8195-acde48001122,87,,Giorgio Chiellini,,,CAM,LAFC,Major League Soccer,88,87,85,86,70,84,2500
"$1,000,000.00","$1,075,000.00",Giorgio Chiellini,25290442-f720-11ed-8195-acde48001122,87,,Giorgio Chiellini,,,CAM,LAFC,Major League Soccer,88,87,85,86,70,84,3000
"$1,000,000.00","$1,075,000.00",Giorgio Chiellini,25290442-f720-11ed-8195-acde48001122,87,,Giorgio Chiellini,,,CAM,LAFC,Major League Soccer,88,87,85,86,70,84,3500
"$467,875.00","$511,750.00",José Cifuentes,2d70269a-f729-11ed-8195-acde48001122,73,,José Cifuentes,,,CDM,LAFC,Major League Soccer,71,61,67,73,71,77,2000
"$467,875.00","$511,750.00",José Cifuentes,2d70269a-f729-11ed-8195-acde48001122,73,,José Cifuentes,,,CDM,LAFC,Major League Soccer,71,61,67,73,71,77,2500
"$467,875.00","$511,750.00",José Cifuentes,2d70269a-f729-11ed-8195-acde48001122,73,,José Cifuentes,,,CDM,LAFC,Major League Soccer,71,61,67,73,71,77,3000
"$467,875.00","$511,750.00",José Cifuentes,2d70269a-f729-11ed-8195-acde48001122,73,,José Cifuentes,,,CDM,LAFC,Major League Soccer,71,61,67,73,71,77,3500
"$625,000.00","$658,500.00",Guzmán Corujo,343e437a-f72a-11ed-8195-acde48001122,72,,Guzmán Corujo,,,CB,Charlotte FC,Major League Soccer,70,35,46,47,74,74,2500
"$625,000.00","$658,500.00",Guzmán Corujo,343e437a-f72a-11ed-8195-acde48001122,72,,Guzmán Corujo,,,CB,Charlotte FC,Major League Soccer,70,35,46,47,74,74,3000
"$625,000.00","$658,500.00",Guzmán Corujo,343e437a-f72a-11ed-8195-acde48001122,72,,Guzmán Corujo,,,CB,Charlotte FC,Major League Soccer,70,35,46,47,74,74,3500
"$900,000.00","$900,000.00",Andrés Cubas,0dd087e0-f728-11ed-8195-acde48001122,74,,Andrés Cubas,,,CDM,Whitecaps FC,Major League Soccer,69,54,67,73,73,58,1000
"$900,000.00","$900,000.00",Andrés Cubas,0dd087e0-f728-11ed-8195-acde48001122,74,,Andrés Cubas,,,CDM,Whitecaps FC,Major League Soccer,69,54,67,73,73,58,1500
"$900,000.00","$900,000.00",Andrés Cubas,0dd087e0-f728-11ed-8195-acde48001122,74,,Andrés Cubas,,,CDM,Whitecaps FC,Major League Soccer,69,54,67,73,73,58,2000
"$900,000.00","$900,000.00",Andrés Cubas,0dd087e0-f728-11ed-8195-acde48001122,74,,Andrés Cubas,,,CDM,Whitecaps FC,Major League Soccer,69,54,67,73,73,58,2500
"$900,000.00","$900,000.00",Andrés Cubas,0dd087e0-f728-11ed-8195-acde48001122,74,,Andrés Cubas,,,CDM,Whitecaps FC,Major League Soccer,69,54,67,73,73,58,3000
"$900,000.00","$900,000.00",Andrés Cubas,0dd087e0-f728-11ed-8195-acde48001122,74,,Andrés Cubas,,,CDM,Whitecaps FC,Major League Soccer,69,54,67,73,73,58,3500
"$1,300,000.00","$1,336,667.00",Rafael Czichos,295c0afc-f728-11ed-8195-acde48001122,74,,Rafael Czichos,,,CB,Chicago Fire FC,Major League Soccer,59,47,59,61,75,77,2000
"$1,300,000.00","$1,336,667.00",Rafael Czichos,295c0afc-f728-11ed-8195-acde48001122,74,,Rafael Czichos,,,CB,Chicago Fire FC,Major League Soccer,59,47,59,61,75,77,2500
"$1,300,000.00","$1,336,667.00",Rafael Czichos,295c0afc-f728-11ed-8195-acde48001122,74,,Rafael Czichos,,,CB,Chicago Fire FC,Major League Soccer,59,47,59,61,75,77,3000
"$1,300,000.00","$1,336,667.00",Rafael Czichos,295c0afc-f728-11ed-8195-acde48001122,74,,Rafael Czichos,,,CB,Chicago Fire FC,Major League Soccer,59,47,59,61,75,77,3500
"$750,000.00","$826,250.00",Mark Delgado,11261546-f72c-11ed-8195-acde48001122,70,,Mark Delgado,,,CDM,LA Galaxy,Major League Soccer,66,52,63,65,66,71,1000
"$750,000.00","$826,250.00",Mark Delgado,11261546-f72c-11ed-8195-acde48001122,70,,Mark Delgado,,,CDM,LA Galaxy,Major League Soccer,66,52,63,65,66,71,1500
"$750,000.00","$826,250.00",Mark Delgado,11261546-f72c-11ed-8195-acde48001122,70,,Mark Delgado,,,CDM,LA Galaxy,Major League Soccer,66,52,63,65,66,71,2000
"$750,000.00","$826,250.00",Mark Delgado,11261546-f72c-11ed-8195-acde48001122,70,,Mark Delgado,,,CDM,LA Galaxy,Major League Soccer,66,52,63,65,66,71,2500
"$750,000.00","$826,250.00",Mark Delgado,11261546-f72c-11ed-8195-acde48001122,70,,Mark Delgado,,,CDM,LA Galaxy,Major League Soccer,66,52,63,65,66,71,3000
"$750,000.00","$826,250.00",Mark Delgado,11261546-f72c-11ed-8195-acde48001122,70,,Mark Delgado,,,CDM,LA Galaxy,Major League Soccer,66,52,63,65,66,71,3500
"$600,000.00","$661,250.00",Bakaye Dibassy,3634e494-f72b-11ed-8195-acde48001122,71,,Bakaye Dibassy,,,CB,Minnesota United,Major League Soccer,71,54,61,65,71,78,2500
"$600,000.00","$661,250.00",Bakaye Dibassy,3634e494-f72b-11ed-8195-acde48001122,71,,Bakaye Dibassy,,,CB,Minnesota United,Major League Soccer,71,54,61,65,71,78,3000
"$600,000.00","$661,250.00",Bakaye Dibassy,3634e494-f72b-11ed-8195-acde48001122,71,,Bakaye Dibassy,,,CB,Minnesota United,Major League Soccer,71,54,61,65,71,78,3500
"$600,000.00","$600,000.00",Moussa Djitté,0dccf16e-f725-11ed-8195-acde48001122,78,,Moussa Djitté,,,ST,Austin FC,Major League Soccer,88,77,64,81,37,79,1000
"$600,000.00","$600,000.00",Moussa Djitté,0dccf16e-f725-11ed-8195-acde48001122,78,,Moussa Djitté,,,ST,Austin FC,Major League Soccer,88,77,64,81,37,79,1500
"$600,000.00","$600,000.00",Moussa Djitté,0dccf16e-f725-11ed-8195-acde48001122,78,,Moussa Djitté,,,ST,Austin FC,Major League Soccer,88,77,64,81,37,79,2000
"$600,000.00","$600,000.00",Moussa Djitté,0dccf16e-f725-11ed-8195-acde48001122,78,,Moussa Djitté,,,ST,Austin FC,Major League Soccer,88,77,64,81,37,79,2500
"$600,000.00","$600,000.00",Moussa Djitté,0dccf16e-f725-11ed-8195-acde48001122,78,,Moussa Djitté,,,ST,Austin FC,Major League Soccer,88,77,64,81,37,79,3000
"$600,000.00","$600,000.00",Moussa Djitté,0dccf16e-f725-11ed-8195-acde48001122,78,,Moussa Djitté,,,ST,Austin FC,Major League Soccer,88,77,64,81,37,79,3500
"$3,800,000.00","$6,022,500.00",Sebastián Driussi,20c7e6d4-f725-11ed-8195-acde48001122,78,,Sebastián Driussi,,,CAM,Austin FC,Major League Soccer,81,78,73,76,26,69,1500
"$3,800,000.00","$6,022,500.00",Sebastián Driussi,20c7e6d4-f725-11ed-8195-acde48001122,78,,Sebastián Driussi,,,CAM,Austin FC,Major League Soccer,81,78,73,76,26,69,2000
"$3,800,000.00","$6,022,500.00",Sebastián Driussi,20c7e6d4-f725-11ed-8195-acde48001122,78,,Sebastián Driussi,,,CAM,Austin FC,Major League Soccer,81,78,73,76,26,69,2500
"$3,800,000.00","$6,022,500.00",Sebastián Driussi,20c7e6d4-f725-11ed-8195-acde48001122,78,,Sebastián Driussi,,,CAM,Austin FC,Major League Soccer,81,78,73,76,26,69,3000
"$3,800,000.00","$6,022,500.00",Sebastián Driussi,20c7e6d4-f725-11ed-8195-acde48001122,78,,Sebastián Driussi,,,CAM,Austin FC,Major League Soccer,81,78,73,76,26,69,3500
"$425,000.00","$481,250.00",Chris Durkin,44e15b70-f731-11ed-8195-acde48001122,67,,Chris Durkin,,,CM,D.C. United,Major League Soccer,57,58,67,65,65,70,3000
"$425,000.00","$481,250.00",Chris Durkin,44e15b70-f731-11ed-8195-acde48001122,67,,Chris Durkin,,,CM,D.C. United,Major League Soccer,57,58,67,65,65,70,3500
"$750,000.00","$843,750.00",Jack Elliott,3bfe9128-f72a-11ed-8195-acde48001122,72,,Jack Elliott,,,CB,Philadelphia,Major League Soccer,52,24,48,50,73,79,2500
"$750,000.00","$843,750.00",Jack Elliott,3bfe9128-f72a-11ed-8195-acde48001122,72,,Jack Elliott,,,CB,Philadelphia,Major League Soccer,52,24,48,50,73,79,3000
"$750,000.00","$843,750.00",Jack Elliott,3bfe9128-f72a-11ed-8195-acde48001122,72,,Jack Elliott,,,CB,Philadelphia,Major League Soccer,52,24,48,50,73,79,3500
"$651,250.00","$651,250.00",Andrew Farrell,23f8a83a-f72e-11ed-8195-acde48001122,69,,Andrew Farrell,,,CB,New England,Major League Soccer,75,48,64,66,68,78,1500
"$651,250.00","$651,250.00",Andrew Farrell,23f8a83a-f72e-11ed-8195-acde48001122,69,,Andrew Farrell,,,CB,New England,Major League Soccer,75,48,64,66,68,78,2000
"$651,250.00","$651,250.00",Andrew Farrell,23f8a83a-f72e-11ed-8195-acde48001122,69,,Andrew Farrell,,,CB,New England,Major League Soccer,75,48,64,66,68,78,2500
"$651,250.00","$651,250.00",Andrew Farrell,23f8a83a-f72e-11ed-8195-acde48001122,69,,Andrew Farrell,,,CB,New England,Major League Soccer,75,48,64,66,68,78,3000
"$651,250.00","$651,250.00",Andrew Farrell,23f8a83a-f72e-11ed-8195-acde48001122,69,,Andrew Farrell,,,CB,New England,Major League Soccer,75,48,64,66,68,78,3500
"$400,000.00","$425,000.00",Chase Gasper,05f91caa-f730-11ed-8195-acde48001122,68,,Chase Gasper,,,LB,LA Galaxy,Major League Soccer,78,34,55,63,65,72,500
"$400,000.00","$425,000.00",Chase Gasper,05f91caa-f730-11ed-8195-acde48001122,68,,Chase Gasper,,,LB,LA Galaxy,Major League Soccer,78,34,55,63,65,72,1000
"$400,000.00","$425,000.00",Chase Gasper,05f91caa-f730-11ed-8195-acde48001122,68,,Chase Gasper,,,LB,LA Galaxy,Major League Soccer,78,34,55,63,65,72,1500
"$400,000.00","$425,000.00",Chase Gasper,05f91caa-f730-11ed-8195-acde48001122,68,,Chase Gasper,,,LB,LA Galaxy,Major League Soccer,78,34,55,63,65,72,2000
"$400,000.00","$425,000.00",Chase Gasper,05f91caa-f730-11ed-8195-acde48001122,68,,Chase Gasper,,,LB,LA Galaxy,Major League Soccer,78,34,55,63,65,72,2500
"$400,000.00","$425,000.00",Chase Gasper,05f91caa-f730-11ed-8195-acde48001122,68,,Chase Gasper,,,LB,LA Galaxy,Major League Soccer,78,34,55,63,65,72,3000
"$400,000.00","$425,000.00",Chase Gasper,05f91caa-f730-11ed-8195-acde48001122,68,,Chase Gasper,,,LB,LA Galaxy,Major League Soccer,78,34,55,63,65,72,3500
"$2,400,000.00","$2,505,000.00",Ryan Gauld,1cf8bd60-f727-11ed-8195-acde48001122,75,,Ryan Gauld,,,CAM,Whitecaps FC,Major League Soccer,80,65,75,81,52,51,1500
"$2,400,000.00","$2,505,000.00",Ryan Gauld,1cf8bd60-f727-11ed-8195-acde48001122,75,,Ryan Gauld,,,CAM,Whitecaps FC,Major League Soccer,80,65,75,81,52,51,2000
"$2,400,000.00","$2,505,000.00",Ryan Gauld,1cf8bd60-f727-11ed-8195-acde48001122,75,,Ryan Gauld,,,CAM,Whitecaps FC,Major League Soccer,80,65,75,81,52,51,2500
"$2,400,000.00","$2,505,000.00",Ryan Gauld,1cf8bd60-f727-11ed-8195-acde48001122,75,,Ryan Gauld,,,CAM,Whitecaps FC,Major League Soccer,80,65,75,81,52,51,3000
"$2,400,000.00","$2,505,000.00",Ryan Gauld,1cf8bd60-f727-11ed-8195-acde48001122,75,,Ryan Gauld,,,CAM,Whitecaps FC,Major League Soccer,80,65,75,81,52,51,3500
"$1,200,000.00","$1,355,000.00",Dániel Gazdag,0c8ef91e-f725-11ed-8195-acde48001122,78,,Dániel Gazdag,,,CAM,Philadelphia,Major League Soccer,83,77,73,79,62,71,500
"$1,200,000.00","$1,355,000.00",Dániel Gazdag,0c8ef91e-f725-11ed-8195-acde48001122,78,,Dániel Gazdag,,,CAM,Philadelphia,Major League Soccer,83,77,73,79,62,71,1000
"$1,200,000.00","$1,355,000.00",Dániel Gazdag,0c8ef91e-f725-11ed-8195-acde48001122,78,,Dániel Gazdag,,,CAM,Philadelphia,Major League Soccer,83,77,73,79,62,71,1500
"$1,200,000.00","$1,355,000.00",Dániel Gazdag,0c8ef91e-f725-11ed-8195-acde48001122,78,,Dániel Gazdag,,,CAM,Philadelphia,Major League Soccer,83,77,73,79,62,71,2000
"$1,200,000.00","$1,355,000.00",Dániel Gazdag,0c8ef91e-f725-11ed-8195-acde48001122,78,,Dániel Gazdag,,,CAM,Philadelphia,Major League Soccer,83,77,73,79,62,71,2500
"$1,200,000.00","$1,355,000.00",Dániel Gazdag,0c8ef91e-f725-11ed-8195-acde48001122,78,,Dániel Gazdag,,,CAM,Philadelphia,Major League Soccer,83,77,73,79,62,71,3000
"$1,200,000.00","$1,355,000.00",Dániel Gazdag,0c8ef91e-f725-11ed-8195-acde48001122,78,,Dániel Gazdag,,,CAM,Philadelphia,Major League Soccer,83,77,73,79,62,71,3500
"$1,600,000.00","$1,633,333.00",Gastón Giménez,02660c68-f728-11ed-8195-acde48001122,74,,Gastón Giménez,,,CDM,Chicago Fire FC,Major League Soccer,64,61,71,73,67,83,500
"$1,600,000.00","$1,633,333.00",Gastón Giménez,02660c68-f728-11ed-8195-acde48001122,74,,Gastón Giménez,,,CDM,Chicago Fire FC,Major League Soccer,64,61,71,73,67,83,1000
"$1,600,000.00","$1,633,333.00",Gastón Giménez,02660c68-f728-11ed-8195-acde48001122,74,,Gastón Giménez,,,CDM,Chicago Fire FC,Major League Soccer,64,61,71,73,67,83,1500
"$1,600,000.00","$1,633,333.00",Gastón Giménez,02660c68-f728-11ed-8195-acde48001122,74,,Gastón Giménez,,,CDM,Chicago Fire FC,Major League Soccer,64,61,71,73,67,83,2000
"$1,600,000.00","$1,633,333.00",Gastón Giménez,02660c68-f728-11ed-8195-acde48001122,74,,Gastón Giménez,,,CDM,Chicago Fire FC,Major League Soccer,64,61,71,73,67,83,2500
"$1,600,000.00","$1,633,333.00",Gastón Giménez,02660c68-f728-11ed-8195-acde48001122,74,,Gastón Giménez,,,CDM,Chicago Fire FC,Major League Soccer,64,61,71,73,67,83,3000
"$1,600,000.00","$1,633,333.00",Gastón Giménez,02660c68-f728-11ed-8195-acde48001122,74,,Gastón Giménez,,,CDM,Chicago Fire FC,Major League Soccer,64,61,71,73,67,83,3500
"$380,004.00","$399,287.00",Nicholas Gioacchini,47622c90-f730-11ed-8195-acde48001122,67,,Nicholas Gioacchini,,,ST,Orlando City,Major League Soccer,76,66,58,66,26,64,3000
"$380,004.00","$399,287.00",Nicholas Gioacchini,47622c90-f730-11ed-8195-acde48001122,67,,Nicholas Gioacchini,,,ST,Orlando City,Major League Soccer,76,66,58,66,26,64,3500
"$776,250.00","$908,859.00",Matt Hedges,32ccf84c-f72a-11ed-8195-acde48001122,72,,Matt Hedges,,,CB,FC Dallas,Major League Soccer,41,28,51,53,71,84,2500
"$776,250.00","$908,859.00",Matt Hedges,32ccf84c-f72a-11ed-8195-acde48001122,72,,Matt Hedges,,,CB,FC Dallas,Major League Soccer,41,28,51,53,71,84,3000
"$776,250.00","$908,859.00",Matt Hedges,32ccf84c-f72a-11ed-8195-acde48001122,72,,Matt Hedges,,,CB,FC Dallas,Major League Soccer,41,28,51,53,71,84,3500
"$2,600,000.00","$2,886,000.00",Cucho Hernández,0136b046-f727-11ed-8195-acde48001122,75,,Cucho Hernández,,,ST,Columbus Crew,Major League Soccer,82,75,65,73,42,74,500
"$2,600,000.00","$2,886,000.00",Cucho Hernández,0136b046-f727-11ed-8195-acde48001122,75,,Cucho Hernández,,,ST,Columbus Crew,Major League Soccer,82,75,65,73,42,74,1000
"$2,600,000.00","$2,886,000.00",Cucho Hernández,0136b046-f727-11ed-8195-acde48001122,75,,Cucho Hernández,,,ST,Columbus Crew,Major League Soccer,82,75,65,73,42,74,1500
"$2,600,000.00","$2,886,000.00",Cucho Hernández,0136b046-f727-11ed-8195-acde48001122,75,,Cucho Hernández,,,ST,Columbus Crew,Major League Soccer,82,75,65,73,42,74,2000
"$2,600,000.00","$2,886,000.00",Cucho Hernández,0136b046-f727-11ed-8195-acde48001122,75,,Cucho Hernández,,,ST,Columbus Crew,Major League Soccer,82,75,65,73,42,74,2500
"$2,600,000.00","$2,886,000.00",Cucho Hernández,0136b046-f727-11ed-8195-acde48001122,75,,Cucho Hernández,,,ST,Columbus Crew,Major League Soccer,82,75,65,73,42,74,3000
"$2,600,000.00","$2,886,000.00",Cucho Hernández,0136b046-f727-11ed-8195-acde48001122,75,,Cucho Hernández,,,ST,Columbus Crew,Major League Soccer,82,75,65,73,42,74,3500
"$7,500,000.00","$7,500,000.00",Lorenzo Insigne,4803765a-f720-11ed-8195-acde48001122,87,,Lorenzo Insigne,,,LW,Toronto FC,Major League Soccer,90,85,87,86,40,51,3000
"$7,500,000.00","$7,500,000.00",Lorenzo Insigne,4803765a-f720-11ed-8195-acde48001122,87,,Lorenzo Insigne,,,LW,Toronto FC,Major League Soccer,90,85,87,86,40,51,3500
"$575,000.00","$631,250.00",Robin Jansson,0e998f22-f72e-11ed-8195-acde48001122,69,,Robin Jansson,,,CB,Orlando City,Major League Soccer,51,28,53,59,71,74,1000
"$575,000.00","$631,250.00",Robin Jansson,0e998f22-f72e-11ed-8195-acde48001122,69,,Robin Jansson,,,CB,Orlando City,Major League Soccer,51,28,53,59,71,74,1500
"$575,000.00","$631,250.00",Robin Jansson,0e998f22-f72e-11ed-8195-acde48001122,69,,Robin Jansson,,,CB,Orlando City,Major League Soccer,51,28,53,59,71,74,2000
"$575,000.00","$631,250.00",Robin Jansson,0e998f22-f72e-11ed-8195-acde48001122,69,,Robin Jansson,,,CB,Orlando City,Major League Soccer,51,28,53,59,71,74,2500
"$575,000.00","$631,250.00",Robin Jansson,0e998f22-f72e-11ed-8195-acde48001122,69,,Robin Jansson,,,CB,Orlando City,Major League Soccer,51,28,53,59,71,74,3000
"$575,000.00","$631,250.00",Robin Jansson,0e998f22-f72e-11ed-8195-acde48001122,69,,Robin Jansson,,,CB,Orlando City,Major League Soccer,51,28,53,59,71,74,3500
"$200,000.00","$220,000.00",Henry Kessler,4aa2d634-f72b-11ed-8195-acde48001122,71,,Henry Kessler,,,CB,New England,Major League Soccer,57,27,49,60,71,76,3000
"$200,000.00","$220,000.00",Henry Kessler,4aa2d634-f72b-11ed-8195-acde48001122,71,,Henry Kessler,,,CB,New England,Major League Soccer,57,27,49,60,71,76,3500
"$1,091,000.00","$1,206,750.00",Yuya Kubo,0d3e2682-f72f-11ed-8195-acde48001122,68,,Yuya Kubo,,,CM,FC Cincinnati,Major League Soccer,72,63,67,70,62,68,1000
"$1,091,000.00","$1,206,750.00",Yuya Kubo,0d3e2682-f72f-11ed-8195-acde48001122,68,,Yuya Kubo,,,CM,FC Cincinnati,Major League Soccer,72,63,67,70,62,68,1500
"$1,091,000.00","$1,206,750.00",Yuya Kubo,0d3e2682-f72f-11ed-8195-acde48001122,68,,Yuya Kubo,,,CM,FC Cincinnati,Major League Soccer,72,63,67,70,62,68,2000
"$1,091,000.00","$1,206,750.00",Yuya Kubo,0d3e2682-f72f-11ed-8195-acde48001122,68,,Yuya Kubo,,,CM,FC Cincinnati,Major League Soccer,72,63,67,70,62,68,2500
"$1,091,000.00","$1,206,750.00",Yuya Kubo,0d3e2682-f72f-11ed-8195-acde48001122,68,,Yuya Kubo,,,CM,FC Cincinnati,Major League Soccer,72,63,67,70,62,68,3000
"$1,091,000.00","$1,206,750.00",Yuya Kubo,0d3e2682-f72f-11ed-8195-acde48001122,68,,Yuya Kubo,,,CM,FC Cincinnati,Major League Soccer,72,63,67,70,62,68,3500
"$1,170,402.00","$1,276,745.00",Richie Laryea,483def56-f72a-11ed-8195-acde48001122,72,,Richie Laryea,,,RWB,Toronto FC,Major League Soccer,83,60,64,71,64,71,3000
"$1,170,402.00","$1,276,745.00",Richie Laryea,483def56-f72a-11ed-8195-acde48001122,72,,Richie Laryea,,,RWB,Toronto FC,Major League Soccer,83,60,64,71,64,71,3500
"$500,012.00","$595,012.00",Kemar Lawrence,388b0dec-f72e-11ed-8195-acde48001122,69,,Kemar Lawrence,,,LB,Minnesota United,Major League Soccer,84,47,62,65,63,75,2500
"$500,012.00","$595,012.00",Kemar Lawrence,388b0dec-f72e-11ed-8195-acde48001122,69,,Kemar Lawrence,,,LB,Minnesota United,Major League Soccer,84,47,62,65,63,75,3000
"$500,012.00","$595,012.00",Kemar Lawrence,388b0dec-f72e-11ed-8195-acde48001122,69,,Kemar Lawrence,,,LB,Minnesota United,Major League Soccer,84,47,62,65,63,75,3500
"$975,000.00","$1,066,250.00",Sebastian Lletget,289f32fc-f72c-11ed-8195-acde48001122,70,,Sebastian Lletget,,,CM,FC Dallas,Major League Soccer,71,64,71,72,60,72,2000
"$975,000.00","$1,066,250.00",Sebastian Lletget,289f32fc-f72c-11ed-8195-acde48001122,70,,Sebastian Lletget,,,CM,FC Dallas,Major League Soccer,71,64,71,72,60,72,2500
"$975,000.00","$1,066,250.00",Sebastian Lletget,289f32fc-f72c-11ed-8195-acde48001122,70,,Sebastian Lletget,,,CM,FC Dallas,Major League Soccer,71,64,71,72,60,72,3000
"$975,000.00","$1,066,250.00",Sebastian Lletget,289f32fc-f72c-11ed-8195-acde48001122,70,,Sebastian Lletget,,,CM,FC Dallas,Major League Soccer,71,64,71,72,60,72,3500
"$2,640,000.00","$3,256,667.00",Nicolás Lodeiro,4a481b6a-f724-11ed-8195-acde48001122,79,,Nicolás Lodeiro,,,CAM,Sounders FC,Major League Soccer,69,73,80,81,49,69,3000
"$2,640,000.00","$3,256,667.00",Nicolás Lodeiro,4a481b6a-f724-11ed-8195-acde48001122,79,,Nicolás Lodeiro,,,CAM,Sounders FC,Major League Soccer,69,73,80,81,49,69,3500
"$2,640,000.00","$3,256,667.00",Nicolás Lodeiro,4cf1baf8-f722-11ed-8195-acde48001122,83,,Nicolás Lodeiro,,,CAM,Sounders FC,Major League Soccer,76,80,86,87,53,73,3500
"$1,199,772.00","$1,243,056.00",Aaron Long,361bb84a-f729-11ed-8195-acde48001122,73,,Aaron Long,,,CB,Red Bulls,Major League Soccer,78,39,54,62,70,82,2500
"$1,199,772.00","$1,243,056.00",Aaron Long,361bb84a-f729-11ed-8195-acde48001122,73,,Aaron Long,,,CB,Red Bulls,Major League Soccer,78,39,54,62,70,82,3000
"$1,199,772.00","$1,243,056.00",Aaron Long,361bb84a-f729-11ed-8195-acde48001122,73,,Aaron Long,,,CB,Red Bulls,Major League Soccer,78,39,54,62,70,82,3500
"$4,000,000.00","$4,391,667.00",Josef Martínez,12c29020-f725-11ed-8195-acde48001122,78,,Josef Martínez,,,ST,Atlanta United,Major League Soccer,85,79,60,77,25,66,1000
"$4,000,000.00","$4,391,667.00",Josef Martínez,12c29020-f725-11ed-8195-acde48001122,78,,Josef Martínez,,,ST,Atlanta United,Major League Soccer,85,79,60,77,25,66,1500
"$4,000,000.00","$4,391,667.00",Josef Martínez,12c29020-f725-11ed-8195-acde48001122,78,,Josef Martínez,,,ST,Atlanta United,Major League Soccer,85,79,60,77,25,66,2000
"$4,000,000.00","$4,391,667.00",Josef Martínez,12c29020-f725-11ed-8195-acde48001122,78,,Josef Martínez,,,ST,Atlanta United,Major League Soccer,85,79,60,77,25,66,2500
"$4,000,000.00","$4,391,667.00",Josef Martínez,12c29020-f725-11ed-8195-acde48001122,78,,Josef Martínez,,,ST,Atlanta United,Major League Soccer,85,79,60,77,25,66,3000
"$4,000,000.00","$4,391,667.00",Josef Martínez,12c29020-f725-11ed-8195-acde48001122,78,,Josef Martínez,,,ST,Atlanta United,Major League Soccer,85,79,60,77,25,66,3500
"$1,650,000.00","$2,112,000.00",Thiago Martins,025b1d1a-f720-11ed-8195-acde48001122,87,,Thiago Martins,,,CB,New York City FC,Major League Soccer,84,57,72,77,87,88,500
"$1,650,000.00","$2,112,000.00",Thiago Martins,05e19828-f72b-11ed-8195-acde48001122,71,,Thiago Martins,,,CB,New York City FC,Major League Soccer,76,41,57,58,71,73,500
"$1,650,000.00","$2,112,000.00",Thiago Martins,025b1d1a-f720-11ed-8195-acde48001122,87,,Thiago Martins,,,CB,New York City FC,Major League Soccer,84,57,72,77,87,88,1000
"$1,650,000.00","$2,112,000.00",Thiago Martins,05e19828-f72b-11ed-8195-acde48001122,71,,Thiago Martins,,,CB,New York City FC,Major League Soccer,76,41,57,58,71,73,1000
"$1,650,000.00","$2,112,000.00",Thiago Martins,025b1d1a-f720-11ed-8195-acde48001122,87,,Thiago Martins,,,CB,New York City FC,Major League Soccer,84,57,72,77,87,88,1500
"$1,650,000.00","$2,112,000.00",Thiago Martins,05e19828-f72b-11ed-8195-acde48001122,71,,Thiago Martins,,,CB,New York City FC,Major League Soccer,76,41,57,58,71,73,1500
"$1,650,000.00","$2,112,000.00",Thiago Martins,025b1d1a-f720-11ed-8195-acde48001122,87,,Thiago Martins,,,CB,New York City FC,Major League Soccer,84,57,72,77,87,88,2000
"$1,650,000.00","$2,112,000.00",Thiago Martins,05e19828-f72b-11ed-8195-acde48001122,71,,Thiago Martins,,,CB,New York City FC,Major League Soccer,76,41,57,58,71,73,2000
"$1,650,000.00","$2,112,000.00",Thiago Martins,025b1d1a-f720-11ed-8195-acde48001122,87,,Thiago Martins,,,CB,New York City FC,Major League Soccer,84,57,72,77,87,88,2500
"$1,650,000.00","$2,112,000.00",Thiago Martins,05e19828-f72b-11ed-8195-acde48001122,71,,Thiago Martins,,,CB,New York City FC,Major League Soccer,76,41,57,58,71,73,2500
"$1,650,000.00","$2,112,000.00",Thiago Martins,025b1d1a-f720-11ed-8195-acde48001122,87,,Thiago Martins,,,CB,New York City FC,Major League Soccer,84,57,72,77,87,88,3000
"$1,650,000.00","$2,112,000.00",Thiago Martins,05e19828-f72b-11ed-8195-acde48001122,71,,Thiago Martins,,,CB,New York City FC,Major League Soccer,76,41,57,58,71,73,3000
"$1,650,000.00","$2,112,000.00",Thiago Martins,025b1d1a-f720-11ed-8195-acde48001122,87,,Thiago Martins,,,CB,New York City FC,Major League Soccer,84,57,72,77,87,88,3500
"$1,650,000.00","$2,112,000.00",Thiago Martins,05e19828-f72b-11ed-8195-acde48001122,71,,Thiago Martins,,,CB,New York City FC,Major League Soccer,76,41,57,58,71,73,3500
"$399,996.00","$452,496.00",Chris Mavinga,55157600-f72e-11ed-8195-acde48001122,69,,Chris Mavinga,,,CB,Toronto FC,Major League Soccer,83,39,61,61,67,75,3500
"$1,025,000.00","$1,165,667.00",Jonathan Mensah,348b237a-f72a-11ed-8195-acde48001122,72,,Jonathan Mensah,,,CB,Columbus Crew,Major League Soccer,61,46,56,54,71,80,2500
"$1,025,000.00","$1,165,667.00",Jonathan Mensah,348b237a-f72a-11ed-8195-acde48001122,72,,Jonathan Mensah,,,CB,Columbus Crew,Major League Soccer,61,46,56,54,71,80,3000
"$1,025,000.00","$1,165,667.00",Jonathan Mensah,348b237a-f72a-11ed-8195-acde48001122,72,,Jonathan Mensah,,,CB,Columbus Crew,Major League Soccer,61,46,56,54,71,80,3500
"$450,000.00","$493,750.00",Justin Meram,187944c8-f72f-11ed-8195-acde48001122,68,,Justin Meram,,,LM,Real Salt Lake,Major League Soccer,69,66,65,71,58,68,1000
"$450,000.00","$493,750.00",Justin Meram,187944c8-f72f-11ed-8195-acde48001122,68,,Justin Meram,,,LM,Real Salt Lake,Major League Soccer,69,66,65,71,58,68,1500
"$450,000.00","$493,750.00",Justin Meram,187944c8-f72f-11ed-8195-acde48001122,68,,Justin Meram,,,LM,Real Salt Lake,Major League Soccer,69,66,65,71,58,68,2000
"$450,000.00","$493,750.00",Justin Meram,187944c8-f72f-11ed-8195-acde48001122,68,,Justin Meram,,,LM,Real Salt Lake,Major League Soccer,69,66,65,71,58,68,2500
"$450,000.00","$493,750.00",Justin Meram,187944c8-f72f-11ed-8195-acde48001122,68,,Justin Meram,,,LM,Real Salt Lake,Major League Soccer,69,66,65,71,58,68,3000
"$450,000.00","$493,750.00",Justin Meram,187944c8-f72f-11ed-8195-acde48001122,68,,Justin Meram,,,LM,Real Salt Lake,Major League Soccer,69,66,65,71,58,68,3500
"$1,500,000.00","$1,500,000.00",Matt Miazga,0169dad6-f72a-11ed-8195-acde48001122,72,,Matt Miazga,,,CB,FC Cincinnati,Major League Soccer,47,26,47,57,73,77,500
"$1,500,000.00","$1,500,000.00",Matt Miazga,0169dad6-f72a-11ed-8195-acde48001122,72,,Matt Miazga,,,CB,FC Cincinnati,Major League Soccer,47,26,47,57,73,77,1000
"$1,500,000.00","$1,500,000.00",Matt Miazga,0169dad6-f72a-11ed-8195-acde48001122,72,,Matt Miazga,,,CB,FC Cincinnati,Major League Soccer,47,26,47,57,73,77,1500
"$1,500,000.00","$1,500,000.00",Matt Miazga,0169dad6-f72a-11ed-8195-acde48001122,72,,Matt Miazga,,,CB,FC Cincinnati,Major League Soccer,47,26,47,57,73,77,2000
"$1,500,000.00","$1,500,000.00",Matt Miazga,0169dad6-f72a-11ed-8195-acde48001122,72,,Matt Miazga,,,CB,FC Cincinnati,Major League Soccer,47,26,47,57,73,77,2500
"$1,500,000.00","$1,500,000.00",Matt Miazga,0169dad6-f72a-11ed-8195-acde48001122,72,,Matt Miazga,,,CB,FC Cincinnati,Major League Soccer,47,26,47,57,73,77,3000
"$1,500,000.00","$1,500,000.00",Matt Miazga,0169dad6-f72a-11ed-8195-acde48001122,72,,Matt Miazga,,,CB,FC Cincinnati,Major League Soccer,47,26,47,57,73,77,3500
"$735,367.00","$735,367.00",Kevin Molino,1dbf535a-f72f-11ed-8195-acde48001122,68,,Kevin Molino,,,CAM,Columbus Crew,Major League Soccer,70,68,65,70,49,65,1500
"$735,367.00","$735,367.00",Kevin Molino,1dbf535a-f72f-11ed-8195-acde48001122,68,,Kevin Molino,,,CAM,Columbus Crew,Major League Soccer,70,68,65,70,49,65,2000
"$735,367.00","$735,367.00",Kevin Molino,1dbf535a-f72f-11ed-8195-acde48001122,68,,Kevin Molino,,,CAM,Columbus Crew,Major League Soccer,70,68,65,70,49,65,2500
"$735,367.00","$735,367.00",Kevin Molino,1dbf535a-f72f-11ed-8195-acde48001122,68,,Kevin Molino,,,CAM,Columbus Crew,Major League Soccer,70,68,65,70,49,65,3000
"$735,367.00","$735,367.00",Kevin Molino,1dbf535a-f72f-11ed-8195-acde48001122,68,,Kevin Molino,,,CAM,Columbus Crew,Major League Soccer,70,68,65,70,49,65,3500
"$349,992.00","$398,741.00",Júnior Moreno,4860907c-f72c-11ed-8195-acde48001122,70,,Júnior Moreno,,,CDM,FC Cincinnati,Major League Soccer,62,57,68,63,67,75,3000
"$349,992.00","$398,741.00",Júnior Moreno,4860907c-f72c-11ed-8195-acde48001122,70,,Júnior Moreno,,,CDM,FC Cincinnati,Major League Soccer,62,57,68,63,67,75,3500
"$520,000.00","$628,333.00",Marcelino Moreno,1753868e-f721-11ed-8195-acde48001122,85,,Marcelino Moreno,,,CM,Atlanta United,Major League Soccer,84,82,85,88,72,74,1000
"$520,000.00","$628,333.00",Marcelino Moreno,1753868e-f721-11ed-8195-acde48001122,85,,Marcelino Moreno,,,CM,Atlanta United,Major League Soccer,84,82,85,88,72,74,1500
"$520,000.00","$628,333.00",Marcelino Moreno,1753868e-f721-11ed-8195-acde48001122,85,,Marcelino Moreno,,,CM,Atlanta United,Major League Soccer,84,82,85,88,72,74,2000
"$520,000.00","$628,333.00",Marcelino Moreno,1753868e-f721-11ed-8195-acde48001122,85,,Marcelino Moreno,,,CM,Atlanta United,Major League Soccer,84,82,85,88,72,74,2500
"$520,000.00","$628,333.00",Marcelino Moreno,1753868e-f721-11ed-8195-acde48001122,85,,Marcelino Moreno,,,CM,Atlanta United,Major League Soccer,84,82,85,88,72,74,3000
"$520,000.00","$628,333.00",Marcelino Moreno,1753868e-f721-11ed-8195-acde48001122,85,,Marcelino Moreno,,,CM,Atlanta United,Major League Soccer,84,82,85,88,72,74,3500
"$520,000.00","$628,333.00",Marcelino Moreno,588a5f74-f726-11ed-8195-acde48001122,76,,Marcelino Moreno,,,CAM,Atlanta United,Major League Soccer,87,70,72,79,53,62,3500
"$850,000.00","$922,844.00",Ravel Morrison,2bb9c0c6-f72f-11ed-8195-acde48001122,68,,Ravel Morrison,,,CAM,D.C. United,Major League Soccer,67,63,68,71,47,52,2000
"$850,000.00","$922,844.00",Ravel Morrison,2bb9c0c6-f72f-11ed-8195-acde48001122,68,,Ravel Morrison,,,CAM,D.C. United,Major League Soccer,67,63,68,71,47,52,2500
"$850,000.00","$922,844.00",Ravel Morrison,2bb9c0c6-f72f-11ed-8195-acde48001122,68,,Ravel Morrison,,,CAM,D.C. United,Major League Soccer,67,63,68,71,47,52,3000
"$850,000.00","$922,844.00",Ravel Morrison,2bb9c0c6-f72f-11ed-8195-acde48001122,68,,Ravel Morrison,,,CAM,D.C. United,Major League Soccer,67,63,68,71,47,52,3500
"$2,900,000.00","$3,188,750.00",Hany Mukhtar,01bba5c8-f720-11ed-8195-acde48001122,87,,Hany Mukhtar,,,CF,Nashville SC,Major League Soccer,90,84,86,87,55,76,500
"$2,900,000.00","$3,188,750.00",Hany Mukhtar,01bba5c8-f720-11ed-8195-acde48001122,87,,Hany Mukhtar,,,CF,Nashville SC,Major League Soccer,90,84,86,87,55,76,1000
"$2,900,000.00","$3,188,750.00",Hany Mukhtar,01bba5c8-f720-11ed-8195-acde48001122,87,,Hany Mukhtar,,,CF,Nashville SC,Major League Soccer,90,84,86,87,55,76,1500
"$2,900,000.00","$3,188,750.00",Hany Mukhtar,01bba5c8-f720-11ed-8195-acde48001122,87,,Hany Mukhtar,,,CF,Nashville SC,Major League Soccer,90,84,86,87,55,76,2000
"$2,900,000.00","$3,188,750.00",Hany Mukhtar,01bba5c8-f720-11ed-8195-acde48001122,87,,Hany Mukhtar,,,CF,Nashville SC,Major League Soccer,90,84,86,87,55,76,2500
"$2,900,000.00","$3,188,750.00",Hany Mukhtar,01bba5c8-f720-11ed-8195-acde48001122,87,,Hany Mukhtar,,,CF,Nashville SC,Major League Soccer,90,84,86,87,55,76,3000
"$2,900,000.00","$3,188,750.00",Hany Mukhtar,42506636-f726-11ed-8195-acde48001122,76,,Hany Mukhtar,,,CF,Nashville SC,Major League Soccer,80,72,74,78,44,64,3000
"$2,900,000.00","$3,188,750.00",Hany Mukhtar,01bba5c8-f720-11ed-8195-acde48001122,87,,Hany Mukhtar,,,CF,Nashville SC,Major League Soccer,90,84,86,87,55,76,3500
"$2,900,000.00","$3,188,750.00",Hany Mukhtar,42506636-f726-11ed-8195-acde48001122,76,,Hany Mukhtar,,,CF,Nashville SC,Major League Soccer,80,72,74,78,44,64,3500
"$450,000.00","$509,500.00",Jesús Murillo,400251e6-f72b-11ed-8195-acde48001122,71,,Jesús Murillo,,,CB,LAFC,Major League Soccer,81,38,54,62,71,79,3000
"$450,000.00","$509,500.00",Jesús Murillo,400251e6-f72b-11ed-8195-acde48001122,71,,Jesús Murillo,,,CB,LAFC,Major League Soccer,81,38,54,62,71,79,3500
"$1,800,000.00","$1,800,000.00",Darlington Nagbe,27a62644-f727-11ed-8195-acde48001122,75,,Darlington Nagbe,,,CM,Columbus Crew,Major League Soccer,78,65,72,79,64,72,2000
"$1,800,000.00","$1,800,000.00",Darlington Nagbe,27a62644-f727-11ed-8195-acde48001122,75,,Darlington Nagbe,,,CM,Columbus Crew,Major League Soccer,78,65,72,79,64,72,2500
"$1,800,000.00","$1,800,000.00",Darlington Nagbe,27a62644-f727-11ed-8195-acde48001122,75,,Darlington Nagbe,,,CM,Columbus Crew,Major League Soccer,78,65,72,79,64,72,3000
"$1,800,000.00","$1,800,000.00",Darlington Nagbe,27a62644-f727-11ed-8195-acde48001122,75,,Darlington Nagbe,,,CM,Columbus Crew,Major League Soccer,78,65,72,79,64,72,3500
"$382,500.00","$467,100.00",Jáder Obrian,26c4f626-f72f-11ed-8195-acde48001122,68,,Jáder Obrian,,,RM,FC Dallas,Major League Soccer,90,64,59,69,36,60,2000
"$382,500.00","$467,100.00",Jáder Obrian,26c4f626-f72f-11ed-8195-acde48001122,68,,Jáder Obrian,,,RM,FC Dallas,Major League Soccer,90,64,59,69,36,60,2500
"$382,500.00","$467,100.00",Jáder Obrian,26c4f626-f72f-11ed-8195-acde48001122,68,,Jáder Obrian,,,RM,FC Dallas,Major League Soccer,90,64,59,69,36,60,3000
"$382,500.00","$467,100.00",Jáder Obrian,26c4f626-f72f-11ed-8195-acde48001122,68,,Jáder Obrian,,,RM,FC Dallas,Major League Soccer,90,64,59,69,36,60,3500
"$840,000.00","$912,600.00",Martín Ojeda,1be0de2c-f726-11ed-8195-acde48001122,76,,Martín Ojeda,,,RM,Orlando City,Major League Soccer,83,76,73,76,34,61,1500
"$840,000.00","$912,600.00",Martín Ojeda,1be0de2c-f726-11ed-8195-acde48001122,76,,Martín Ojeda,,,RM,Orlando City,Major League Soccer,83,76,73,76,34,61,2000
"$840,000.00","$912,600.00",Martín Ojeda,1be0de2c-f726-11ed-8195-acde48001122,76,,Martín Ojeda,,,RM,Orlando City,Major League Soccer,83,76,73,76,34,61,2500
"$840,000.00","$912,600.00",Martín Ojeda,1be0de2c-f726-11ed-8195-acde48001122,76,,Martín Ojeda,,,RM,Orlando City,Major League Soccer,83,76,73,76,34,61,3000
"$840,000.00","$912,600.00",Martín Ojeda,1be0de2c-f726-11ed-8195-acde48001122,76,,Martín Ojeda,,,RM,Orlando City,Major League Soccer,83,76,73,76,34,61,3500
"$1,400,000.00","$1,400,000.00",Jonathan Osorio,2f7806d6-f721-11ed-8195-acde48001122,85,,Jonathan Osorio,,,CM,Toronto FC,Major League Soccer,80,76,81,85,75,81,2000
"$1,400,000.00","$1,400,000.00",Jonathan Osorio,2f7806d6-f721-11ed-8195-acde48001122,85,,Jonathan Osorio,,,CM,Toronto FC,Major League Soccer,80,76,81,85,75,81,2500
"$1,400,000.00","$1,400,000.00",Jonathan Osorio,2f7806d6-f721-11ed-8195-acde48001122,85,,Jonathan Osorio,,,CM,Toronto FC,Major League Soccer,80,76,81,85,75,81,3000
"$1,400,000.00","$1,400,000.00",Jonathan Osorio,2f7806d6-f721-11ed-8195-acde48001122,85,,Jonathan Osorio,,,CM,Toronto FC,Major League Soccer,80,76,81,85,75,81,3500
"$325,000.00","$375,826.00",Bryan Oviedo,35437456-f721-11ed-8195-acde48001122,85,,Bryan Oviedo,,,LB,Real Salt Lake,Major League Soccer,86,72,80,83,80,83,2500
"$325,000.00","$375,826.00",Bryan Oviedo,35437456-f721-11ed-8195-acde48001122,85,,Bryan Oviedo,,,LB,Real Salt Lake,Major League Soccer,86,72,80,83,80,83,3000
"$325,000.00","$375,826.00",Bryan Oviedo,35437456-f721-11ed-8195-acde48001122,85,,Bryan Oviedo,,,LB,Real Salt Lake,Major League Soccer,86,72,80,83,80,83,3500
"$540,000.00","$564,000.00",Diego Palacios,516cbf66-f72b-11ed-8195-acde48001122,71,,Diego Palacios,,,LB,LAFC,Major League Soccer,75,33,63,70,67,67,3500
"$200,000.00","$202,000.00",Donovan Pines,525aa0b6-f72e-11ed-8195-acde48001122,69,,Donovan Pines,,,CB,D.C. United,Major League Soccer,71,22,39,45,70,77,3500
"$500,000.00","$541,667.00",Matt Polster,090621bc-f72c-11ed-8195-acde48001122,70,,Matt Polster,,,CDM,New England,Major League Soccer,48,46,66,64,65,79,500
"$500,000.00","$541,667.00",Matt Polster,090621bc-f72c-11ed-8195-acde48001122,70,,Matt Polster,,,CDM,New England,Major League Soccer,48,46,66,64,65,79,1000
"$500,000.00","$541,667.00",Matt Polster,090621bc-f72c-11ed-8195-acde48001122,70,,Matt Polster,,,CDM,New England,Major League Soccer,48,46,66,64,65,79,1500
"$500,000.00","$541,667.00",Matt Polster,090621bc-f72c-11ed-8195-acde48001122,70,,Matt Polster,,,CDM,New England,Major League Soccer,48,46,66,64,65,79,2000
"$500,000.00","$541,667.00",Matt Polster,090621bc-f72c-11ed-8195-acde48001122,70,,Matt Polster,,,CDM,New England,Major League Soccer,48,46,66,64,65,79,2500
"$500,000.00","$541,667.00",Matt Polster,090621bc-f72c-11ed-8195-acde48001122,70,,Matt Polster,,,CDM,New England,Major League Soccer,48,46,66,64,65,79,3000
"$500,000.00","$541,667.00",Matt Polster,090621bc-f72c-11ed-8195-acde48001122,70,,Matt Polster,,,CDM,New England,Major League Soccer,48,46,66,64,65,79,3500
"$1,650,000.00","$1,732,500.00",Riqui Puig,482b30b0-f71f-11ed-8195-acde48001122,88,,Riqui Puig,,,CM,LA Galaxy,Major League Soccer,85,77,87,94,79,78,3000
"$1,650,000.00","$1,732,500.00",Riqui Puig,482b30b0-f71f-11ed-8195-acde48001122,88,,Riqui Puig,,,CM,LA Galaxy,Major League Soccer,85,77,87,94,79,78,3500
"$1,600,000.00","$2,151,200.00",Emanuel Reynoso,0c11023a-f724-11ed-8195-acde48001122,79,,Emanuel Reynoso,,,CAM,Minnesota United,Major League Soccer,67,67,78,80,59,67,500
"$1,600,000.00","$2,151,200.00",Emanuel Reynoso,0c11023a-f724-11ed-8195-acde48001122,79,,Emanuel Reynoso,,,CAM,Minnesota United,Major League Soccer,67,67,78,80,59,67,1000
"$1,600,000.00","$2,151,200.00",Emanuel Reynoso,0c11023a-f724-11ed-8195-acde48001122,79,,Emanuel Reynoso,,,CAM,Minnesota United,Major League Soccer,67,67,78,80,59,67,1500
"$1,600,000.00","$2,151,200.00",Emanuel Reynoso,0c11023a-f724-11ed-8195-acde48001122,79,,Emanuel Reynoso,,,CAM,Minnesota United,Major League Soccer,67,67,78,80,59,67,2000
"$1,600,000.00","$2,151,200.00",Emanuel Reynoso,0c11023a-f724-11ed-8195-acde48001122,79,,Emanuel Reynoso,,,CAM,Minnesota United,Major League Soccer,67,67,78,80,59,67,2500
"$1,600,000.00","$2,151,200.00",Emanuel Reynoso,0c11023a-f724-11ed-8195-acde48001122,79,,Emanuel Reynoso,,,CAM,Minnesota United,Major League Soccer,67,67,78,80,59,67,3000
"$1,600,000.00","$2,151,200.00",Emanuel Reynoso,0c11023a-f724-11ed-8195-acde48001122,79,,Emanuel Reynoso,,,CAM,Minnesota United,Major League Soccer,67,67,78,80,59,67,3500
"$1,599,996.00","$2,047,996.00",Emiliano Rigoni,233e6870-f725-11ed-8195-acde48001122,78,,Emiliano Rigoni,,,RM,Austin FC,Major League Soccer,83,73,74,78,46,60,1500
"$1,599,996.00","$2,047,996.00",Emiliano Rigoni,233e6870-f725-11ed-8195-acde48001122,78,,Emiliano Rigoni,,,RM,Austin FC,Major League Soccer,83,73,74,78,46,60,2000
"$1,599,996.00","$2,047,996.00",Emiliano Rigoni,233e6870-f725-11ed-8195-acde48001122,78,,Emiliano Rigoni,,,RM,Austin FC,Major League Soccer,83,73,74,78,46,60,2500
"$1,599,996.00","$2,047,996.00",Emiliano Rigoni,233e6870-f725-11ed-8195-acde48001122,78,,Emiliano Rigoni,,,RM,Austin FC,Major League Soccer,83,73,74,78,46,60,3000
"$1,599,996.00","$2,047,996.00",Emiliano Rigoni,233e6870-f725-11ed-8195-acde48001122,78,,Emiliano Rigoni,,,RM,Austin FC,Major League Soccer,83,73,74,78,46,60,3500
"$1,400,000.00","$1,437,500.00",Miles Robinson,374441ce-f729-11ed-8195-acde48001122,73,,Miles Robinson,,,CB,Atlanta United,Major League Soccer,83,35,54,67,72,78,2500
"$1,400,000.00","$1,437,500.00",Miles Robinson,374441ce-f729-11ed-8195-acde48001122,73,,Miles Robinson,,,CB,Atlanta United,Major League Soccer,83,35,54,67,72,78,3000
"$1,400,000.00","$1,437,500.00",Miles Robinson,374441ce-f729-11ed-8195-acde48001122,73,,Miles Robinson,,,CB,Atlanta United,Major League Soccer,83,35,54,67,72,78,3500
"$400,000.00","$400,000.00",Keegan Rosenberry,20de3aca-f72e-11ed-8195-acde48001122,69,,Keegan Rosenberry,,,CB,Colorado Rapids,Major League Soccer,68,51,62,66,68,74,1500
"$400,000.00","$400,000.00",Keegan Rosenberry,20de3aca-f72e-11ed-8195-acde48001122,69,,Keegan Rosenberry,,,CB,Colorado Rapids,Major League Soccer,68,51,62,66,68,74,2000
"$400,000.00","$400,000.00",Keegan Rosenberry,20de3aca-f72e-11ed-8195-acde48001122,69,,Keegan Rosenberry,,,CB,Colorado Rapids,Major League Soccer,68,51,62,66,68,74,2500
"$400,000.00","$400,000.00",Keegan Rosenberry,20de3aca-f72e-11ed-8195-acde48001122,69,,Keegan Rosenberry,,,CB,Colorado Rapids,Major League Soccer,68,51,62,66,68,74,3000
"$400,000.00","$400,000.00",Keegan Rosenberry,20de3aca-f72e-11ed-8195-acde48001122,69,,Keegan Rosenberry,,,CB,Colorado Rapids,Major League Soccer,68,51,62,66,68,74,3500
"$2,472,000.00","$3,201,120.00",Raúl Ruidíaz,37e9168a-f725-11ed-8195-acde48001122,78,,Raúl Ruidíaz,,,ST,Sounders FC,Major League Soccer,83,79,66,79,33,69,2500
"$2,472,000.00","$3,201,120.00",Raúl Ruidíaz,37e9168a-f725-11ed-8195-acde48001122,78,,Raúl Ruidíaz,,,ST,Sounders FC,Major League Soccer,83,79,66,79,33,69,3000
"$2,472,000.00","$3,201,120.00",Raúl Ruidíaz,37e9168a-f725-11ed-8195-acde48001122,78,,Raúl Ruidíaz,,,ST,Sounders FC,Major League Soccer,83,79,66,79,33,69,3500
"$1,800,000.00","$1,871,667.00",Albert Rusnák,02acbec4-f728-11ed-8195-acde48001122,74,,Albert Rusnák,,,CAM,Sounders FC,Major League Soccer,68,74,74,75,56,66,500
"$1,800,000.00","$1,871,667.00",Albert Rusnák,02acbec4-f728-11ed-8195-acde48001122,74,,Albert Rusnák,,,CAM,Sounders FC,Major League Soccer,68,74,74,75,56,66,1000
"$1,800,000.00","$1,871,667.00",Albert Rusnák,02acbec4-f728-11ed-8195-acde48001122,74,,Albert Rusnák,,,CAM,Sounders FC,Major League Soccer,68,74,74,75,56,66,1500
"$1,800,000.00","$1,871,667.00",Albert Rusnák,02acbec4-f728-11ed-8195-acde48001122,74,,Albert Rusnák,,,CAM,Sounders FC,Major League Soccer,68,74,74,75,56,66,2000
"$1,800,000.00","$1,871,667.00",Albert Rusnák,02acbec4-f728-11ed-8195-acde48001122,74,,Albert Rusnák,,,CAM,Sounders FC,Major League Soccer,68,74,74,75,56,66,2500
"$1,800,000.00","$1,871,667.00",Albert Rusnák,02acbec4-f728-11ed-8195-acde48001122,74,,Albert Rusnák,,,CAM,Sounders FC,Major League Soccer,68,74,74,75,56,66,3000
"$1,800,000.00","$1,871,667.00",Albert Rusnák,02acbec4-f728-11ed-8195-acde48001122,74,,Albert Rusnák,,,CAM,Sounders FC,Major League Soccer,68,74,74,75,56,66,3500
"$435,000.00","$459,938.00",Bill Tuiloma,127a5bee-f72e-11ed-8195-acde48001122,69,,Bill Tuiloma,,,CB,Portland Timbers,Major League Soccer,60,53,64,59,69,76,1000
"$435,000.00","$459,938.00",Bill Tuiloma,127a5bee-f72e-11ed-8195-acde48001122,69,,Bill Tuiloma,,,CB,Portland Timbers,Major League Soccer,60,53,64,59,69,76,1500
"$435,000.00","$459,938.00",Bill Tuiloma,127a5bee-f72e-11ed-8195-acde48001122,69,,Bill Tuiloma,,,CB,Portland Timbers,Major League Soccer,60,53,64,59,69,76,2000
"$435,000.00","$459,938.00",Bill Tuiloma,127a5bee-f72e-11ed-8195-acde48001122,69,,Bill Tuiloma,,,CB,Portland Timbers,Major League Soccer,60,53,64,59,69,76,2500
"$435,000.00","$459,938.00",Bill Tuiloma,127a5bee-f72e-11ed-8195-acde48001122,69,,Bill Tuiloma,,,CB,Portland Timbers,Major League Soccer,60,53,64,59,69,76,3000
"$435,000.00","$459,938.00",Bill Tuiloma,127a5bee-f72e-11ed-8195-acde48001122,69,,Bill Tuiloma,,,CB,Portland Timbers,Major League Soccer,60,53,64,59,69,76,3500
"$700,000.00","$736,250.00",Maximiliano Urruti,33670846-f730-11ed-8195-acde48001122,67,,Maximiliano Urruti,,,ST,Austin FC,Major League Soccer,72,66,62,71,54,69,2500
"$700,000.00","$736,250.00",Maximiliano Urruti,33670846-f730-11ed-8195-acde48001122,67,,Maximiliano Urruti,,,ST,Austin FC,Major League Soccer,72,66,62,71,54,69,3000
"$700,000.00","$736,250.00",Maximiliano Urruti,33670846-f730-11ed-8195-acde48001122,67,,Maximiliano Urruti,,,ST,Austin FC,Major League Soccer,72,66,62,71,54,69,3500
"$3,000,000.00","$3,337,500.00",Carlos Vela,05ffc8dc-f723-11ed-8195-acde48001122,81,,Carlos Vela,,,RW,LAFC,Major League Soccer,77,79,76,83,30,64,500
"$3,000,000.00","$3,337,500.00",Carlos Vela,05ffc8dc-f723-11ed-8195-acde48001122,81,,Carlos Vela,,,RW,LAFC,Major League Soccer,77,79,76,83,30,64,1000
"$3,000,000.00","$3,337,500.00",Carlos Vela,05ffc8dc-f723-11ed-8195-acde48001122,81,,Carlos Vela,,,RW,LAFC,Major League Soccer,77,79,76,83,30,64,1500
"$3,000,000.00","$3,337,500.00",Carlos Vela,05ffc8dc-f723-11ed-8195-acde48001122,81,,Carlos Vela,,,RW,LAFC,Major League Soccer,77,79,76,83,30,64,2000
"$3,000,000.00","$3,337,500.00",Carlos Vela,05ffc8dc-f723-11ed-8195-acde48001122,81,,Carlos Vela,,,RW,LAFC,Major League Soccer,77,79,76,83,30,64,2500
"$3,000,000.00","$3,337,500.00",Carlos Vela,32ab4ed2-f71f-11ed-8195-acde48001122,88,,Carlos Vela,,,RW,LAFC,Major League Soccer,86,88,85,90,37,73,2500
"$3,000,000.00","$3,337,500.00",Carlos Vela,05ffc8dc-f723-11ed-8195-acde48001122,81,,Carlos Vela,,,RW,LAFC,Major League Soccer,77,79,76,83,30,64,3000
"$3,000,000.00","$3,337,500.00",Carlos Vela,32ab4ed2-f71f-11ed-8195-acde48001122,88,,Carlos Vela,,,RW,LAFC,Major League Soccer,86,88,85,90,37,73,3000
"$3,000,000.00","$3,337,500.00",Carlos Vela,05ffc8dc-f723-11ed-8195-acde48001122,81,,Carlos Vela,,,RW,LAFC,Major League Soccer,77,79,76,83,30,64,3500
"$3,000,000.00","$3,337,500.00",Carlos Vela,32ab4ed2-f71f-11ed-8195-acde48001122,88,,Carlos Vela,,,RW,LAFC,Major League Soccer,86,88,85,90,37,73,3500
"$1,200,000.00","$1,401,000.00",Alan Velasco,1bf945b0-f727-11ed-8195-acde48001122,75,,Alan Velasco,,,LM,FC Dallas,Major League Soccer,83,68,70,81,53,61,1500
"$1,200,000.00","$1,401,000.00",Alan Velasco,1bf945b0-f727-11ed-8195-acde48001122,75,,Alan Velasco,,,LM,FC Dallas,Major League Soccer,83,68,70,81,53,61,2000
"$1,200,000.00","$1,401,000.00",Alan Velasco,1bf945b0-f727-11ed-8195-acde48001122,75,,Alan Velasco,,,LM,FC Dallas,Major League Soccer,83,68,70,81,53,61,2500
"$1,200,000.00","$1,401,000.00",Alan Velasco,1bf945b0-f727-11ed-8195-acde48001122,75,,Alan Velasco,,,LM,FC Dallas,Major League Soccer,83,68,70,81,53,61,3000
"$1,200,000.00","$1,401,000.00",Alan Velasco,1bf945b0-f727-11ed-8195-acde48001122,75,,Alan Velasco,,,LM,FC Dallas,Major League Soccer,83,68,70,81,53,61,3500
"$550,000.00","$622,813.00",Matías Vera,11a6f67a-f72c-11ed-8195-acde48001122,70,,Matías Vera,,,CDM,Houston Dynamo,Major League Soccer,67,45,65,63,66,67,1000
"$550,000.00","$622,813.00",Matías Vera,11a6f67a-f72c-11ed-8195-acde48001122,70,,Matías Vera,,,CDM,Houston Dynamo,Major League Soccer,67,45,65,63,66,67,1500
"$550,000.00","$622,813.00",Matías Vera,11a6f67a-f72c-11ed-8195-acde48001122,70,,Matías Vera,,,CDM,Houston Dynamo,Major League Soccer,67,45,65,63,66,67,2000
"$550,000.00","$622,813.00",Matías Vera,11a6f67a-f72c-11ed-8195-acde48001122,70,,Matías Vera,,,CDM,Houston Dynamo,Major League Soccer,67,45,65,63,66,67,2500
"$550,000.00","$622,813.00",Matías Vera,11a6f67a-f72c-11ed-8195-acde48001122,70,,Matías Vera,,,CDM,Houston Dynamo,Major League Soccer,67,45,65,63,66,67,3000
"$550,000.00","$622,813.00",Matías Vera,11a6f67a-f72c-11ed-8195-acde48001122,70,,Matías Vera,,,CDM,Houston Dynamo,Major League Soccer,67,45,65,63,66,67,3500
"$1,440,000.00","$1,800,000.00",Victor Wanyama,4e004f18-f727-11ed-8195-acde48001122,75,,Victor Wanyama,,,CDM,CF Montréal,Major League Soccer,39,63,66,72,71,88,3500
"$750,000.00","$850,000.00",Ashley Westwood,191acbf8-f726-11ed-8195-acde48001122,76,,Ashley Westwood,,,CDM,Charlotte FC,Major League Soccer,56,63,78,73,72,73,1000
"$750,000.00","$850,000.00",Ashley Westwood,191acbf8-f726-11ed-8195-acde48001122,76,,Ashley Westwood,,,CDM,Charlotte FC,Major League Soccer,56,63,78,73,72,73,1500
"$750,000.00","$850,000.00",Ashley Westwood,191acbf8-f726-11ed-8195-acde48001122,76,,Ashley Westwood,,,CDM,Charlotte FC,Major League Soccer,56,63,78,73,72,73,2000
"$750,000.00","$850,000.00",Ashley Westwood,191acbf8-f726-11ed-8195-acde48001122,76,,Ashley Westwood,,,CDM,Charlotte FC,Major League Soccer,56,63,78,73,72,73,2500
"$750,000.00","$850,000.00",Ashley Westwood,191acbf8-f726-11ed-8195-acde48001122,76,,Ashley Westwood,,,CDM,Charlotte FC,Major League Soccer,56,63,78,73,72,73,3000
"$750,000.00","$850,000.00",Ashley Westwood,191acbf8-f726-11ed-8195-acde48001122,76,,Ashley Westwood,,,CDM,Charlotte FC,Major League Soccer,56,63,78,73,72,73,3500
"$800,000.00","$871,458.00",Derrick Williams,43282b04-f72e-11ed-8195-acde48001122,69,,Derrick Williams,,,CB,LA Galaxy,Major League Soccer,66,46,58,63,66,78,3000
"$800,000.00","$871,458.00",Derrick Williams,43282b04-f72e-11ed-8195-acde48001122,69,,Derrick Williams,,,CB,LA Galaxy,Major League Soccer,66,46,58,63,66,78,3500
"$625,000.00","$625,000.00",Eryk Williamson,005849d4-f72f-11ed-8195-acde48001122,68,,Eryk Williamson,,,CDM,Portland Timbers,Major League Soccer,70,57,67,71,63,69,500
"$625,000.00","$625,000.00",Eryk Williamson,005849d4-f72f-11ed-8195-acde48001122,68,,Eryk Williamson,,,CDM,Portland Timbers,Major League Soccer,70,57,67,71,63,69,1000
"$625,000.00","$625,000.00",Eryk Williamson,005849d4-f72f-11ed-8195-acde48001122,68,,Eryk Williamson,,,CDM,Portland Timbers,Major League Soccer,70,57,67,71,63,69,1500
"$625,000.00","$625,000.00",Eryk Williamson,005849d4-f72f-11ed-8195-acde48001122,68,,Eryk Williamson,,,CDM,Portland Timbers,Major League Soccer,70,57,67,71,63,69,2000
"$625,000.00","$625,000.00",Eryk Williamson,005849d4-f72f-11ed-8195-acde48001122,68,,Eryk Williamson,,,CDM,Portland Timbers,Major League Soccer,70,57,67,71,63,69,2500
"$625,000.00","$625,000.00",Eryk Williamson,005849d4-f72f-11ed-8195-acde48001122,68,,Eryk Williamson,,,CDM,Portland Timbers,Major League Soccer,70,57,67,71,63,69,3000
"$625,000.00","$625,000.00",Eryk Williamson,005849d4-f72f-11ed-8195-acde48001122,68,,Eryk Williamson,,,CDM,Portland Timbers,Major League Soccer,70,57,67,71,63,69,3500
"$600,000.00","$663,750.00",Yaw Yeboah,1b6e22fc-f72f-11ed-8195-acde48001122,68,,Yaw Yeboah,,,RM,Columbus Crew,Major League Soccer,90,64,58,73,25,53,1500
"$600,000.00","$663,750.00",Yaw Yeboah,1b6e22fc-f72f-11ed-8195-acde48001122,68,,Yaw Yeboah,,,RM,Columbus Crew,Major League Soccer,90,64,58,73,25,53,2000
"$600,000.00","$663,750.00",Yaw Yeboah,1b6e22fc-f72f-11ed-8195-acde48001122,68,,Yaw Yeboah,,,RM,Columbus Crew,Major League Soccer,90,64,58,73,25,53,2500
"$600,000.00","$663,750.00",Yaw Yeboah,1b6e22fc-f72f-11ed-8195-acde48001122,68,,Yaw Yeboah,,,RM,Columbus Crew,Major League Soccer,90,64,58,73,25,53,3000
"$600,000.00","$663,750.00",Yaw Yeboah,1b6e22fc-f72f-11ed-8195-acde48001122,68,,Yaw Yeboah,,,RM,Columbus Crew,Major League Soccer,90,64,58,73,25,53,3500
"$825,000.00","$873,750.00",DeAndre Yedlin,2c70ae68-f72e-11ed-8195-acde48001122,69,,DeAndre Yedlin,,,RB,Inter Miami CF,Major League Soccer,90,51,56,65,64,70,2000
"$825,000.00","$873,750.00",DeAndre Yedlin,2c70ae68-f72e-11ed-8195-acde48001122,69,,DeAndre Yedlin,,,RB,Inter Miami CF,Major League Soccer,90,51,56,65,64,70,2500
"$825,000.00","$873,750.00",DeAndre Yedlin,2c70ae68-f72e-11ed-8195-acde48001122,69,,DeAndre Yedlin,,,RB,Inter Miami CF,Major League Soccer,90,51,56,65,64,70,3000
"$825,000.00","$873,750.00",DeAndre Yedlin,2c70ae68-f72e-11ed-8195-acde48001122,69,,DeAndre Yedlin,,,RB,Inter Miami CF,Major League Soccer,90,51,56,65,64,70,3500
"$750,000.00","$786,875.00",Jackson Yueill,3fae31dc-f72c-11ed-8195-acde48001122,70,,Jackson Yueill,,,CDM,SJ Earthquakes,Major League Soccer,59,61,68,67,65,72,3000
"$750,000.00","$786,875.00",Jackson Yueill,3fae31dc-f72c-11ed-8195-acde48001122,70,,Jackson Yueill,,,CDM,SJ Earthquakes,Major League Soccer,59,61,68,67,65,72,3500
"$1,800,000.00","$2,056,979.00",Walker Zimmerman,21ebcd4a-f721-11ed-8195-acde48001122,85,,Walker Zimmerman,,,CB,Nashville SC,Major League Soccer,79,60,65,68,84,88,1500
"$1,800,000.00","$2,056,979.00",Walker Zimmerman,21ebcd4a-f721-11ed-8195-acde48001122,85,,Walker Zimmerman,,,CB,Nashville SC,Major League Soccer,79,60,65,68,84,88,2000
"$1,800,000.00","$2,056,979.00",Walker Zimmerman,21ebcd4a-f721-11ed-8195-acde48001122,85,,Walker Zimmerman,,,CB,Nashville SC,Major League Soccer,79,60,65,68,84,88,2500
"$1,800,000.00","$2,056,979.00",Walker Zimmerman,21ebcd4a-f721-11ed-8195-acde48001122,85,,Walker Zimmerman,,,CB,Nashville SC,Major League Soccer,79,60,65,68,84,88,3000
"$1,800,000.00","$2,056,979.00",Walker Zimmerman,21ebcd4a-f721-11ed-8195-acde48001122,85,,Walker Zimmerman,,,CB,Nashville SC,Major League Soccer,79,60,65,68,84,88,3500
