Base Salary,Guaranteed Compensation,Name,rating,position,club,pace,shooting,passing,dribbling,defending,physical
"$665,000.00",702125.0,Lalas Abubakar,69,CB,Colorado Rapids,56,32,50,50,66,79
"$350,000.00",406406.0,Frankie Amaya,67,CM,Red Bulls,72,54,63,69,62,66
"$3,600,000.00",4483333.0,Luiz Araújo,78,RM,Atlanta United,88,69,72,83,39,57
"$255,000.00",294000.0,César Araújo,68,CDM,Orlando City,62,53,56,63,63,68
"$750,000.00",750000.0,Xavier Arreaga,68,CB,Sounders FC,57,28,49,56,68,73
"$4,250,000.00",4432778.0,Christian Benteke,88,ST,D.C. United,87,92,79,87,45,92
"$3,125,000.00",6295381.0,Federico Bernardeschi,79,RM,Toronto FC,77,71,79,82,62,66
"$815,000.00",815000.0,Steve Birnbaum,69,CB,D.C. United,34,31,45,51,68,85
"$350,000.00",368813.0,Brandon Bye,71,RB,New England,77,58,61,65,68,73
"$350,000.00",381125.0,Déiber Caicedo,70,LM,Whitecaps FC,83,63,61,77,35,55
"$575,000.00",575000.0,Russell Canouse,70,CDM,D.C. United,65,53,57,65,68,81
"$400,000.00",483333.0,Maxime Chanot,72,CB,New York City FC,51,49,48,50,71,79
"$650,000.00",658333.0,Diego Chará,75,CDM,Portland Timbers,76,60,65,71,71,80
"$1,500,000.00",1803000.0,Yimmi Chará,75,CAM,Portland Timbers,91,69,67,78,52,71
"$1,000,000.00",1075000.0,Giorgio Chiellini,87,CAM,LAFC,88,87,85,86,70,84
"$467,875.00",511750.0,José Cifuentes,73,CDM,LAFC,71,61,67,73,71,77
"$625,000.00",658500.0,Guzmán Corujo,72,CB,Charlotte FC,70,35,46,47,74,74
"$900,000.00",900000.0,Andrés Cubas,74,CDM,Whitecaps FC,69,54,67,73,73,58
"$1,300,000.00",1336667.0,Rafael Czichos,74,CB,Chicago Fire FC,59,47,59,61,75,77
"$750,000.00",826250.0,Mark Delgado,70,CDM,LA Galaxy,66,52,63,65,66,71
"$600,000.00",661250.0,Bakaye Dibassy,71,CB,Minnesota United,71,54,61,65,71,78
"$600,000.00",600000.0,Moussa Djitté,78,ST,Austin FC,88,77,64,81,37,79
"$3,800,000.00",6022500.0,Sebastián Driussi,78,CAM,Austin FC,81,78,73,76,26,69
"$425,000.00",481250.0,Chris Durkin,67,CM,D.C. United,57,58,67,65,65,70
"$750,000.00",843750.0,Jack Elliott,72,CB,Philadelphia,52,24,48,50,73,79
"$651,250.00",651250.0,Andrew Farrell,69,CB,New England,75,48,64,66,68,78
"$400,000.00",425000.0,Chase Gasper,68,LB,LA Galaxy,78,34,55,63,65,72
"$2,400,000.00",2505000.0,Ryan Gauld,75,CAM,Whitecaps FC,80,65,75,81,52,51
"$1,200,000.00",1355000.0,Dániel Gazdag,78,CAM,Philadelphia,83,77,73,79,62,71
"$1,600,000.00",1633333.0,Gastón Giménez,74,CDM,Chicago Fire FC,64,61,71,73,67,83
"$380,004.00",399287.0,Nicholas Gioacchini,67,ST,Orlando City,76,66,58,66,26,64
"$776,250.00",908859.0,Matt Hedges,72,CB,FC Dallas,41,28,51,53,71,84
"$2,600,000.00",2886000.0,Cucho Hernández,75,ST,Columbus Crew,82,75,65,73,42,74
"$7,500,000.00",7500000.0,Lorenzo Insigne,87,LW,Toronto FC,90,85,87,86,40,51
"$575,000.00",631250.0,Robin Jansson,69,CB,Orlando City,51,28,53,59,71,74
"$200,000.00",220000.0,Henry Kessler,71,CB,New England,57,27,49,60,71,76
"$1,091,000.00",1206750.0,Yuya Kubo,68,CM,FC Cincinnati,72,63,67,70,62,68
"$1,170,402.00",1276745.0,Richie Laryea,72,RWB,Toronto FC,83,60,64,71,64,71
"$500,012.00",595012.0,Kemar Lawrence,69,LB,Minnesota United,84,47,62,65,63,75
"$975,000.00",1066250.0,Sebastian Lletget,70,CM,FC Dallas,71,64,71,72,60,72
"$2,640,000.00",3256667.0,Nicolás Lodeiro,79,CAM,Sounders FC,69,73,80,81,49,69
"$1,199,772.00",1243056.0,Aaron Long,73,CB,Red Bulls,78,39,54,62,70,82
"$4,000,000.00",4391667.0,Josef Martínez,78,ST,Atlanta United,85,79,60,77,25,66
"$1,650,000.00",2112000.0,Thiago Martins,87,CB,New York City FC,84,57,72,77,87,88
"$399,996.00",452496.0,Chris Mavinga,69,CB,Toronto FC,83,39,61,61,67,75
"$1,025,000.00",1165667.0,Jonathan Mensah,72,CB,Columbus Crew,61,46,56,54,71,80
"$450,000.00",493750.0,Justin Meram,68,LM,Real Salt Lake,69,66,65,71,58,68
"$1,500,000.00",1500000.0,Matt Miazga,72,CB,FC Cincinnati,47,26,47,57,73,77
"$735,367.00",735367.0,Kevin Molino,68,CAM,Columbus Crew,70,68,65,70,49,65
"$349,992.00",398741.0,Júnior Moreno,70,CDM,FC Cincinnati,62,57,68,63,67,75
"$520,000.00",628333.0,Marcelino Moreno,85,CM,Atlanta United,84,82,85,88,72,74
"$850,000.00",922844.0,Ravel Morrison,68,CAM,D.C. United,67,63,68,71,47,52
"$2,900,000.00",3188750.0,Hany Mukhtar,87,CF,Nashville SC,90,84,86,87,55,76
"$450,000.00",509500.0,Jesús Murillo,71,CB,LAFC,81,38,54,62,71,79
"$1,800,000.00",1800000.0,Darlington Nagbe,75,CM,Columbus Crew,78,65,72,79,64,72
"$382,500.00",467100.0,Jáder Obrian,68,RM,FC Dallas,90,64,59,69,36,60
"$840,000.00",912600.0,Martín Ojeda,76,RM,Orlando City,83,76,73,76,34,61
"$1,400,000.00",1400000.0,Jonathan Osorio,85,CM,Toronto FC,80,76,81,85,75,81
"$325,000.00",375826.0,Bryan Oviedo,85,LB,Real Salt Lake,86,72,80,83,80,83
"$540,000.00",564000.0,Diego Palacios,71,LB,LAFC,75,33,63,70,67,67
"$200,000.00",202000.0,Donovan Pines,69,CB,D.C. United,71,22,39,45,70,77
"$500,000.00",541667.0,Matt Polster,70,CDM,New England,48,46,66,64,65,79
"$1,650,000.00",1732500.0,Riqui Puig,88,CM,LA Galaxy,85,77,87,94,79,78
"$1,600,000.00",2151200.0,Emanuel Reynoso,79,CAM,Minnesota United,67,67,78,80,59,67
"$1,599,996.00",2047996.0,Emiliano Rigoni,78,RM,Austin FC,83,73,74,78,46,60
"$1,400,000.00",1437500.0,Miles Robinson,73,CB,Atlanta United,83,35,54,67,72,78
"$400,000.00",400000.0,Keegan Rosenberry,69,CB,Colorado Rapids,68,51,62,66,68,74
"$2,472,000.00",3201120.0,Raúl Ruidíaz,78,ST,Sounders FC,83,79,66,79,33,69
"$1,800,000.00",1871667.0,Albert Rusnák,74,CAM,Sounders FC,68,74,74,75,56,66
"$435,000.00",459938.0,Bill Tuiloma,69,CB,Portland Timbers,60,53,64,59,69,76
"$700,000.00",736250.0,Maximiliano Urruti,67,ST,Austin FC,72,66,62,71,54,69
"$3,000,000.00",3337500.0,Carlos Vela,81,RW,LAFC,77,79,76,83,30,64
"$1,200,000.00",1401000.0,Alan Velasco,75,LM,FC Dallas,83,68,70,81,53,61
"$550,000.00",622813.0,Matías Vera,70,CDM,Houston Dynamo,67,45,65,63,66,67
"$1,440,000.00",1800000.0,Victor Wanyama,75,CDM,CF Montréal,39,63,66,72,71,88
"$750,000.00",850000.0,Ashley Westwood,76,CDM,Charlotte FC,56,63,78,73,72,73
"$800,000.00",871458.0,Derrick Williams,69,CB,LA Galaxy,66,46,58,63,66,78
"$625,000.00",625000.0,Eryk Williamson,68,CDM,Portland Timbers,70,57,67,71,63,69
"$600,000.00",663750.0,Yaw Yeboah,68,RM,Columbus Crew,90,64,58,73,25,53
"$825,000.00",873750.0,DeAndre Yedlin,69,RB,Inter Miami CF,90,51,56,65,64,70
"$750,000.00",786875.0,Jackson Yueill,70,CDM,SJ Earthquakes,59,61,68,67,65,72
"$1,800,000.00",2056979.0,Walker Zimmerman,85,CB,Nashville SC,79,60,65,68,84,88
