Base Salary,Guaranteed Compensation,Name,rating,position,club,pace,shooting,passing,dribbling,defending,physical,State
665000,702125,Lalas Abubakar,69,CB,Colorado Rapids,56,32,50,50,66,79,CO
350000,406406,Frankie Amaya,67,CM,Red Bulls,72,54,63,69,62,66,
3600000,4483333,Luiz Araújo,78,RM,Atlanta United,88,69,72,83,39,57,GA
255000,294000,César Araújo,68,CDM,Orlando City,62,53,56,63,63,68,
750000,750000,Xavier Arreaga,68,CB,Sounders FC,57,28,49,56,68,73,
4250000,4432778,Christian Benteke,88,ST,D.C. United,87,92,79,87,45,92,
815000,815000,Steve Birnbaum,69,CB,D.C. United,34,31,45,51,68,85,
350000,368813,Brandon Bye,71,RB,New England,77,58,61,65,68,73,
350000,381125,Déiber Caicedo,70,LM,Whitecaps FC,83,63,61,77,35,55,
575000,575000,Russell Canouse,70,CDM,D.C. United,65,53,57,65,68,81,
400000,483333,Maxime Chanot,72,CB,New York City FC,51,49,48,50,71,79,NY
650000,658333,Diego Chará,75,CDM,Portland Timbers,76,60,65,71,71,80,OR
1500000,1803000,Yimmi Chará,75,CAM,Portland Timbers,91,69,67,78,52,71,OR
1000000,1075000,Giorgio Chiellini,87,CAM,LAFC,88,87,85,86,70,84,CA
467875,511750,José Cifuentes,73,CDM,LAFC,71,61,67,73,71,77,CA
625000,658500,Guzmán Corujo,72,CB,Charlotte FC,70,35,46,47,74,74,NC
900000,900000,Andrés Cubas,74,CDM,Whitecaps FC,69,54,67,73,73,58,
1300000,1336667,Rafael Czichos,74,CB,Chicago Fire FC,59,47,59,61,75,77,
750000,826250,Mark Delgado,70,CDM,LA Galaxy,66,52,63,65,66,71,CA
600000,661250,Bakaye Dibassy,71,CB,Minnesota United,71,54,61,65,71,78,MN
600000,600000,Moussa Djitté,78,ST,Austin FC,88,77,64,81,37,79,TX
3800000,6022500,Sebastián Driussi,78,CAM,Austin FC,81,78,73,76,26,69,TX
425000,481250,Chris Durkin,67,CM,D.C. United,57,58,67,65,65,70,
750000,843750,Jack Elliott,72,CB,Philadelphia,52,24,48,50,73,79,
651250,651250,Andrew Farrell,69,CB,New England,75,48,64,66,68,78,
400000,425000,Chase Gasper,68,LB,LA Galaxy,78,34,55,63,65,72,CA
2400000,2505000,Ryan Gauld,75,CAM,Whitecaps FC,80,65,75,81,52,51,
1200000,1355000,Dániel Gazdag,78,CAM,Philadelphia,83,77,73,79,62,71,
1600000,1633333,Gastón Giménez,74,CDM,Chicago Fire FC,64,61,71,73,67,83,
380004,399287,Nicholas Gioacchini,67,ST,Orlando City,76,66,58,66,26,64,
776250,908859,Matt Hedges,72,CB,FC Dallas,41,28,51,53,71,84,TX
2600000,2886000,Cucho Hernández,75,ST,Columbus Crew,82,75,65,73,42,74,OH
575000,631250,Robin Jansson,69,CB,Orlando City,51,28,53,59,71,74,
200000,220000,Henry Kessler,71,CB,New England,57,27,49,60,71,76,
1091000,1206750,Yuya Kubo,68,CM,FC Cincinnati,72,63,67,70,62,68,OH
500012,595012,Kemar Lawrence,69,LB,Minnesota United,84,47,62,65,63,75,MN
975000,1066250,Sebastian Lletget,70,CM,FC Dallas,71,64,71,72,60,72,TX
2640000,3256667,Nicolás Lodeiro,79,CAM,Sounders FC,69,73,80,81,49,69,
1199772,1243056,Aaron Long,73,CB,Red Bulls,78,39,54,62,70,82,
4000000,4391667,Josef Martínez,78,ST,Atlanta United,85,79,60,77,25,66,GA
1650000,2112000,Thiago Martins,87,CB,New York City FC,84,57,72,77,87,88,NY
1025000,1165667,Jonathan Mensah,72,CB,Columbus Crew,61,46,56,54,71,80,OH
450000,493750,Justin Meram,68,LM,Real Salt Lake,69,66,65,71,58,68,UT
1500000,1500000,Matt Miazga,72,CB,FC Cincinnati,47,26,47,57,73,77,OH
735367,735367,Kevin Molino,68,CAM,Columbus Crew,70,68,65,70,49,65,OH
349992,398741,Júnior Moreno,70,CDM,FC Cincinnati,62,57,68,63,67,75,OH
520000,628333,Marcelino Moreno,85,CM,Atlanta United,84,82,85,88,72,74,GA
850000,922844,Ravel Morrison,68,CAM,D.C. United,67,63,68,71,47,52,
2900000,3188750,Hany Mukhtar,87,CF,Nashville SC,90,84,86,87,55,76,TN
450000,509500,Jesús Murillo,71,CB,LAFC,81,38,54,62,71,79,CA
1800000,1800000,Darlington Nagbe,75,CM,Columbus Crew,78,65,72,79,64,72,OH
382500,467100,Jáder Obrian,68,RM,FC Dallas,90,64,59,69,36,60,TX
840000,912600,Martín Ojeda,76,RM,Orlando City,83,76,73,76,34,61,
325000,375826,Bryan Oviedo,85,LB,Real Salt Lake,86,72,80,83,80,83,UT
540000,564000,Diego Palacios,71,LB,LAFC,75,33,63,70,67,67,CA
200000,202000,Donovan Pines,69,CB,D.C. United,71,22,39,45,70,77,
500000,541667,Matt Polster,70,CDM,New England,48,46,66,64,65,79,
1650000,1732500,Riqui Puig,88,CM,LA Galaxy,85,77,87,94,79,78,CA
1600000,2151200,Emanuel Reynoso,79,CAM,Minnesota United,67,67,78,80,59,67,MN
1599996,2047996,Emiliano Rigoni,78,RM,Austin FC,83,73,74,78,46,60,TX
1400000,1437500,Miles Robinson,73,CB,Atlanta United,83,35,54,67,72,78,GA
400000,400000,Keegan Rosenberry,69,CB,Colorado Rapids,68,51,62,66,68,74,CO
2472000,3201120,Raúl Ruidíaz,78,ST,Sounders FC,83,79,66,79,33,69,
1800000,1871667,Albert Rusnák,74,CAM,Sounders FC,68,74,74,75,56,66,
435000,459938,Bill Tuiloma,69,CB,Portland Timbers,60,53,64,59,69,76,OR
700000,736250,Maximiliano Urruti,67,ST,Austin FC,72,66,62,71,54,69,TX
3000000,3337500,Carlos Vela,81,RW,LAFC,77,79,76,83,30,64,CA
1200000,1401000,Alan Velasco,75,LM,FC Dallas,83,68,70,81,53,61,TX
550000,622813,Matías Vera,70,CDM,Houston Dynamo,67,45,65,63,66,67,TX
1440000,1800000,Victor Wanyama,75,CDM,CF Montréal,39,63,66,72,71,88,
750000,850000,Ashley Westwood,76,CDM,Charlotte FC,56,63,78,73,72,73,NC
800000,871458,Derrick Williams,69,CB,LA Galaxy,66,46,58,63,66,78,CA
625000,625000,Eryk Williamson,68,CDM,Portland Timbers,70,57,67,71,63,69,OR
600000,663750,Yaw Yeboah,68,RM,Columbus Crew,90,64,58,73,25,53,OH
825000,873750,DeAndre Yedlin,69,RB,Inter Miami CF,90,51,56,65,64,70,
750000,786875,Jackson Yueill,70,CDM,SJ Earthquakes,59,61,68,67,65,72,
1800000,2056979,Walker Zimmerman,85,CB,Nashville SC,79,60,65,68,84,88,TN
